m,d,a,psi,rho,mu,theta_H,level_sum,gdp,u_C,s_L
0.2,0.2,0.3,0.5,0.5,0.17,0.1,0,1.610760933948674,2.9104293824006384,59.412387836811135
0.2,0.2,0.3,0.5,0.5,0.17,0.25,1,1.65849035945278,2.8763572624848113,59.40966479347487
0.2,0.2,0.3,0.5,0.5,0.17,0.5,2,1.686340031098732,2.856482767909446,59.40807642946806
0.2,0.2,0.3,0.5,0.5,0.08,0.1,1,1.5633457078481294,2.9948823139594003,59.41509404032252
0.2,0.2,0.3,0.5,0.5,0.08,0.25,2,1.6434213743450998,2.941790114134433,59.41052438581418
0.2,0.2,0.3,0.5,0.5,0.08,0.5,3,1.6914153482213257,2.9097236443467867,59.40778700658351
0.2,0.2,0.3,0.5,0.5,0.04,0.1,2,1.533065183652882,3.064222390674985,59.41682285481152
0.2,0.2,0.3,0.5,0.5,0.04,0.25,3,1.6330757313875566,3.004979025868739,59.41111460395967
0.2,0.2,0.3,0.5,0.5,0.04,0.5,4,1.6976349354242748,2.9659928120357617,59.40743234791766
0.2,0.2,0.3,0.5,0.25,0.17,0.1,1,2.0030964336306356,2.950918323699841,59.0454957709308
0.2,0.2,0.3,0.5,0.25,0.17,0.25,2,2.0699349496974273,2.9024933869154115,59.04166315634638
0.2,0.2,0.3,0.5,0.25,0.17,0.5,3,2.1092950843612623,2.873937844590735,59.039407197107195
0.2,0.2,0.3,0.5,0.25,0.08,0.1,2,1.9524690332741512,3.0571892677163715,59.04840025035352
0.2,0.2,0.3,0.5,0.25,0.08,0.25,3,2.0549107465818395,2.9872761032011934,59.0425244778295
0.2,0.2,0.3,0.5,0.25,0.08,0.5,4,2.117587662363163,2.943934721043452,59.03893199608707
0.2,0.2,0.3,0.5,0.25,0.04,0.1,3,1.9155890370149864,3.15339806523537,59.050516823545316
0.2,0.2,0.3,0.5,0.25,0.04,0.25,4,2.040399189641895,3.0765124745848076,59.04335651305131
0.2,0.2,0.3,0.5,0.25,0.04,0.5,5,2.122359417402664,3.0244999994272233,59.03865856862615
0.2,0.2,0.3,0.5,0.0,0.17,0.1,2,2.3956171440546514,2.993447016752993,58.67792568222501
0.2,0.2,0.3,0.5,0.0,0.17,0.25,3,2.4818655591231753,2.9300830697745623,58.67295521621887
0.2,0.2,0.3,0.5,0.0,0.17,0.5,4,2.532824129292832,2.8925139410785263,58.670020176448375
0.2,0.2,0.3,0.5,0.0,0.08,0.1,3,2.3405835169732825,3.122975947276612,58.68109912667383
0.2,0.2,0.3,0.5,0.0,0.08,0.25,4,2.464677903199197,3.036052765247701,58.67394544867579
0.2,0.2,0.3,0.5,0.0,0.08,0.5,5,2.5418402693338393,2.9810307127437117,58.66950100773162
0.2,0.2,0.3,0.5,0.0,0.04,0.1,4,2.2944893186290116,3.248053992204954,58.68375821610786
0.2,0.2,0.3,0.5,0.0,0.04,0.25,5,2.4421226029145426,3.154004739936187,58.675245143274154
0.2,0.2,0.3,0.5,0.0,0.04,0.5,6,2.540423765627553,3.0889701127416576,58.66958257046754
0.2,0.2,0.3,0.75,0.5,0.17,0.1,1,1.892039810249413,2.94126592471202,59.14787394092612
0.2,0.2,0.3,0.75,0.5,0.17,0.25,2,1.954198064725321,2.8963572792034995,59.144314664973976
0.2,0.2,0.3,0.75,0.5,0.17,0.5,3,1.9908099790419964,2.8698756103269236,59.142219081543686
0.2,0.2,0.3,0.75,0.5,0.08,0.1,2,1.8421381787711688,3.0420985077462253,59.1507327311269
0.2,0.2,0.3,0.75,0.5,0.08,0.25,3,1.9390301858973613,2.9763739115225025,59.14518302913254
0.2,0.2,0.3,0.75,0.5,0.08,0.5,4,1.9981193339907888,2.9358094717166194,59.14180078776301
0.2,0.2,0.3,0.75,0.5,0.04,0.1,3,1.8069803827017061,3.131388168959317,59.15274758998055
0.2,0.2,0.3,0.75,0.5,0.04,0.25,4,1.9256225709040065,3.0588975187153116,59.14595071004658
0.2,0.2,0.3,0.75,0.5,0.04,0.5,5,2.003275948427752,3.010135610895033,59.14150570471017
0.2,0.2,0.3,0.75,0.25,0.17,0.1,2,2.4808763549389434,3.0049838188501496,58.59654514647579
0.2,0.2,0.3,0.75,0.25,0.17,0.25,3,2.572042836596844,2.9377322178932026,58.591285393010416
0.2,0.2,0.3,0.75,0.25,0.17,0.5,4,2.626033427542729,2.897740119098789,58.58817235204721
0.2,0.2,0.3,0.75,0.25,0.08,0.1,3,2.424260494593611,3.1407702556994836,58.59981355753582
0.2,0.2,0.3,0.75,0.25,0.08,0.25,4,2.553684279562307,3.0495083683510797,58.59234424818439
0.2,0.2,0.3,0.75,0.25,0.08,0.5,5,2.634472988704184,2.9914467519146335,58.58768586265568
0.2,0.2,0.3,0.75,0.25,0.04,0.1,4,2.3754277893527798,3.273278018419782,58.60263389424486
0.2,0.2,0.3,0.75,0.25,0.04,0.25,5,2.528345446309177,3.1750494552827693,58.593805967356374
0.2,0.2,0.3,0.75,0.25,0.04,0.5,6,2.630478715062212,3.106796335552267,58.58791610397343
0.2,0.2,0.3,0.75,0.0,0.17,0.1,3,3.070724688652282,3.072973664172796,58.04366396763449
0.2,0.2,0.3,0.75,0.0,0.17,0.25,4,3.1911709365684215,2.982315624702066,58.03666329030707
0.2,0.2,0.3,0.75,0.0,0.17,0.5,5,3.262623786707497,2.928134658692833,58.032513557383325
0.2,0.2,0.3,0.75,0.0,0.08,0.1,4,3.0038989364719937,3.2473976038576073,58.04755109479053
0.2,0.2,0.3,0.75,0.0,0.08,0.25,5,3.1650138883340784,3.1298454271246534,58.03818301650703
0.2,0.2,0.3,0.75,0.0,0.08,0.5,6,3.266685796079205,3.053694797574403,58.03227772395607
0.2,0.2,0.3,0.75,0.0,0.04,0.1,5,2.9366475458929786,3.4268108030832627,58.05146516341835
0.2,0.2,0.3,0.75,0.0,0.04,0.25,6,3.120056458200926,3.303898153100218,58.04079581794868
0.2,0.2,0.3,0.75,0.0,0.04,0.5,7,3.24355328429482,3.21683603548535,58.03362086496671
0.2,0.2,0.3,0.9,0.5,0.17,0.1,2,2.0609236240102913,2.9602530060472727,58.98899227998415
0.2,0.2,0.3,0.9,0.5,0.17,0.25,3,2.1317335152486017,2.9087391553276887,58.9849287100745
0.2,0.2,0.3,0.9,0.5,0.17,0.5,4,2.173621144436999,2.8782062518723204,58.98252603975318
0.2,0.2,0.3,0.9,0.5,0.08,0.1,3,2.0090940852832917,3.0713771321136196,58.9919681557043
0.2,0.2,0.3,0.9,0.5,0.08,0.25,4,2.115902825947358,2.998007850859753,58.9858369768004
0.2,0.2,0.3,0.9,0.5,0.08,0.5,5,2.181607103354244,2.952227613784369,58.98206806175962
0.2,0.2,0.3,0.9,0.5,0.04,0.1,4,1.97031748354779,3.173165323014867,58.994195423843145
0.2,0.2,0.3,0.9,0.5,0.04,0.25,5,2.0996132090422392,3.092848980523537,58.98677169994466
0.2,0.2,0.3,0.9,0.5,0.04,0.5,6,2.1848870527989783,3.0381978042412214,58.981879972427656
0.2,0.2,0.3,0.9,0.25,0.17,0.1,3,2.7677803360790065,3.0388841185241535,58.32668599337354
0.2,0.2,0.3,0.9,0.25,0.17,0.25,4,2.873610913960656,2.959992760630339,58.32055793919746
0.2,0.2,0.3,0.9,0.25,0.17,0.5,5,2.936410754946084,2.9129076167966295,58.3169241073842
0.2,0.2,0.3,0.9,0.25,0.08,0.1,4,2.7063532697743753,3.193641087666367,58.33024537108046
0.2,0.2,0.3,0.9,0.25,0.08,0.25,5,2.8517604528741414,3.0892722897746014,58.32182273383376
0.2,0.2,0.3,0.9,0.25,0.08,0.5,6,2.943145531663749,3.022177700135092,58.316534521042485
0.2,0.2,0.3,0.9,0.25,0.04,0.1,5,2.6489882753157445,3.349041869760875,58.33357102100525
0.2,0.2,0.3,0.9,0.25,0.04,0.25,6,2.817426281259694,3.2384037955135128,58.32381060238483
0.2,0.2,0.3,0.9,0.25,0.04,0.5,7,2.930618386983852,3.1606361038879585,58.3172591957223
0.2,0.2,0.3,0.9,0.0,0.17,0.1,4,3.4780719992046016,3.122268086402945,57.662035029045335
0.2,0.2,0.3,0.9,0.0,0.17,0.25,5,3.6188515629344,3.014811216777632,57.65381127440013
0.2,0.2,0.3,0.9,0.0,0.17,0.5,6,3.702357232297393,2.950438011370049,57.64893774571226
0.2,0.2,0.3,0.9,0.0,0.08,0.1,5,3.401792852005192,3.3260955389572513,57.6664949450984
0.2,0.2,0.3,0.9,0.0,0.08,0.25,6,3.584126276095101,3.190052145738434,57.655838890542164
0.2,0.2,0.3,0.9,0.0,0.08,0.5,7,3.6996959854405542,3.1011006879092884,57.64909300857018
0.2,0.2,0.3,0.9,0.0,0.04,0.1,6,3.318315420519946,3.540748680376135,57.67137896593029
0.2,0.2,0.3,0.9,0.0,0.04,0.25,7,3.520992358224029,3.401227001017251,57.65952678512083
0.2,0.2,0.3,0.9,0.0,0.04,0.5,8,3.657539140450705,3.3016201871964226,57.65155298514433
0.2,0.2,0.45,0.5,0.5,0.17,0.1,1,1.9703293588687165,2.930649497530811,59.47755071458036
0.2,0.2,0.45,0.5,0.5,0.17,0.25,2,2.026712013991272,2.8900524843229594,59.47435059316106
0.2,0.2,0.45,0.5,0.5,0.17,0.5,3,2.060252816393038,2.8658675114527523,59.47244763026791
0.2,0.2,0.45,0.5,0.5,0.08,0.1,2,1.9201464798940027,3.025054459291799,59.48040023002662
0.2,0.2,0.45,0.5,0.5,0.08,0.25,3,2.009740258672843,2.9647674391993672,59.475313702906675
0.2,0.2,0.45,0.5,0.5,0.08,0.5,4,2.0645118886382763,2.927526509395577,59.472206026927154
0.2,0.2,0.45,0.5,0.5,0.04,0.1,3,1.8861309750691113,3.105329805065434,59.482332403501005
0.2,0.2,0.45,0.5,0.5,0.04,0.25,4,1.9960393301513335,3.0388368941351502,59.476091300631474
0.2,0.2,0.45,0.5,0.5,0.04,0.5,5,2.068087915673389,2.9942417003087236,59.472003177196996
0.2,0.2,0.45,0.5,0.25,0.17,0.1,2,2.3654888013441733,2.9718701777547203,59.110529332413606
0.2,0.2,0.45,0.5,0.25,0.17,0.25,3,2.4410498215268195,2.9167409905629986,59.10621890487266
0.2,0.2,0.45,0.5,0.25,0.17,0.5,4,2.486115897213681,2.883766015326258,59.103649378480725
0.2,0.2,0.45,0.5,0.25,0.08,0.1,3,2.311546072765913,3.088740420640702,59.11360819918685
0.2,0.2,0.45,0.5,0.25,0.08,0.25,4,2.4233868261875235,3.011501277879138,59.107226257808
0.2,0.2,0.45,0.5,0.25,0.08,0.5,5,2.4927206545962033,2.962875785502945,59.10327287728917
0.2,0.2,0.45,0.5,0.25,0.04,0.1,4,2.270106310947151,3.1965814643967936,59.11597438447025
0.2,0.2,0.45,0.5,0.25,0.04,0.25,5,2.4042853548217558,3.1125936138364914,59.108315817261406
0.2,0.2,0.45,0.5,0.25,0.04,0.5,6,2.4932895256929655,3.055048845182118,59.10324045002406
0.2,0.2,0.45,0.5,0.0,0.17,0.1,3,2.7609465882746376,3.015089056616239,58.74282169082618
0.2,0.2,0.45,0.5,0.0,0.17,0.25,4,2.8558938047074767,2.9449021427399984,58.737378122058615
0.2,0.2,0.45,0.5,0.0,0.17,0.5,5,2.9125669776755014,2.9028087015498922,58.73413095528763
0.2,0.2,0.45,0.5,0.0,0.08,0.1,4,2.702015067358543,3.155872026653405,58.74620255559954
0.2,0.2,0.45,0.5,0.0,0.08,0.25,5,2.835355064250056,3.0615315099049747,58.73855529582096
0.2,0.2,0.45,0.5,0.0,0.08,0.5,6,2.919030944417056,3.001143947248897,58.73376069088076
0.2,0.2,0.45,0.5,0.0,0.04,0.1,5,2.650647460837652,3.293195798152943,58.74915083996386
0.2,0.2,0.45,0.5,0.0,0.04,0.25,6,2.8070788153010895,3.1922513607718237,58.740176273067576
0.2,0.2,0.45,0.5,0.0,0.04,0.5,7,2.9119050642477884,3.121840442461637,58.73416887167346
0.2,0.2,0.45,0.75,0.5,0.17,0.1,2,2.209414736351367,2.9516357212103834,59.258327627977245
0.2,0.2,0.45,0.75,0.5,0.17,0.25,3,2.2760364474926353,2.9033957871609153,59.25453496366124
0.2,0.2,0.45,0.75,0.5,0.17,0.5,4,2.3155699178258438,2.874714930630263,59.25228538928968
0.2,0.2,0.45,0.75,0.5,0.08,0.1,3,2.157836401730573,3.0576891437118525,59.26126535319172
0.2,0.2,0.45,0.75,0.5,0.08,0.25,4,2.259644194612509,2.9882911225610322,59.25546795116764
0.2,0.2,0.45,0.75,0.5,0.08,0.5,5,2.3221947605298165,2.945087868969623,59.251908488535086
0.2,0.2,0.45,0.75,0.5,0.04,0.1,4,2.120466290640133,3.152701550692057,59.26339462103121
0.2,0.2,0.45,0.75,0.5,0.04,0.25,5,2.244114066288616,3.0765936396967497,59.25635198793847
0.2,0.2,0.45,0.75,0.5,0.04,0.5,6,2.325519496504369,3.0250237482080387,59.25171934543548
0.2,0.2,0.45,0.75,0.25,0.17,0.1,3,2.8025520277955795,3.0158974945696233,58.70692108111278
0.2,0.2,0.45,0.75,0.25,0.17,0.25,4,2.898240434351118,2.945205240822894,58.70143248249114
0.2,0.2,0.45,0.75,0.25,0.17,0.5,5,2.955192710494292,2.902930934416521,58.69816782901073
0.2,0.2,0.45,0.75,0.25,0.08,0.1,4,2.7438630366443117,3.1573711644790334,58.71028959433649
0.2,0.2,0.45,0.75,0.25,0.08,0.25,5,2.8781117670390266,3.062379155562363,58.702586680801716
0.2,0.2,0.45,0.75,0.25,0.08,0.5,6,2.96229828583785,3.001608978095872,58.69776062745851
0.2,0.2,0.45,0.75,0.25,0.04,0.1,5,2.6922046068436067,3.2961058867877107,58.71325594649915
0.2,0.2,0.45,0.75,0.25,0.04,0.25,6,2.849768395756702,3.1943992315401006,58.70421224683415
0.2,0.2,0.45,0.75,0.25,0.04,0.5,7,2.9553178441832584,3.1234405161258834,58.698160657725154
0.2,0.2,0.45,0.75,0.0,0.17,0.1,4,3.396551911832413,3.0846026483356503,58.15396621680857
0.2,0.2,0.45,0.75,0.0,0.17,0.25,5,3.5216348332118397,2.990356757384345,58.14673813320774
0.2,0.2,0.45,0.75,0.0,0.17,0.5,6,3.596103012866103,2.933800170228866,58.14243844428475
0.2,0.2,0.45,0.75,0.0,0.08,0.1,5,3.3273508725407908,3.2650879142917764,58.157968312108025
0.2,0.2,0.45,0.75,0.0,0.08,0.25,6,3.493189336038771,3.1437761608305888,58.148381236351085
0.2,0.2,0.45,0.75,0.0,0.08,0.5,7,3.5981858840387737,3.0648695782924973,58.142318220295785
0.2,0.2,0.45,0.75,0.0,0.04,0.1,6,3.256808718010662,3.4510817084030156,58.16205033328533
0.2,0.2,0.45,0.75,0.0,0.04,0.25,7,3.444471182165776,3.324880257737849,58.15119625259915
0.2,0.2,0.45,0.75,0.0,0.04,0.5,8,3.5710379609002807,3.235264595159305,58.14388536959208
0.2,0.2,0.45,0.9,0.5,0.17,0.1,3,2.3529766373915795,2.96449376003947,59.12667219412234
0.2,0.2,0.45,0.9,0.5,0.17,0.25,4,2.4257383456101733,2.9116167063821146,59.12252253817719
0.2,0.2,0.45,0.9,0.5,0.17,0.5,5,2.468893938767791,2.8801839383978276,59.12006253523489
0.2,0.2,0.45,0.9,0.5,0.08,0.1,4,2.3003156547720893,3.0777849816463796,59.129677067818456
0.2,0.2,0.45,0.9,0.5,0.08,0.25,5,2.409319230522722,3.0029071037550668,59.12345871207848
0.2,0.2,0.45,0.9,0.5,0.08,0.5,6,2.4765508751406484,2.956041919251034,59.11962615882511
0.2,0.2,0.45,0.9,0.5,0.04,0.1,5,2.260487481321971,3.1819565390741293,59.13195057285363
0.2,0.2,0.45,0.9,0.5,0.04,0.25,6,2.392038634113325,3.10015951284372,59.12444414430023
0.2,0.2,0.45,0.9,0.5,0.04,0.5,7,2.4789730620585093,3.044361831740045,59.11948812180567
0.2,0.2,0.45,0.9,0.25,0.17,0.1,4,3.064979255353051,3.043410889665147,58.46435926561556
0.2,0.2,0.45,0.9,0.25,0.17,0.25,5,3.1728716463750306,2.963093488218611,58.45815046361561
0.2,0.2,0.45,0.9,0.25,0.17,0.5,6,3.237005572051044,2.9150638065160392,58.45446243379555
0.2,0.2,0.45,0.9,0.25,0.08,0.1,5,3.002513495732262,3.200562030030811,58.467956482432136
0.2,0.2,0.45,0.9,0.25,0.08,0.25,6,3.1501540442548714,3.094651927541161,58.45945731362623
0.2,0.2,0.45,0.9,0.25,0.08,0.5,7,3.2430902969687425,3.0264360825781984,58.45411263289516
0.2,0.2,0.45,0.9,0.25,0.04,0.1,6,2.943778279588427,3.3585871826129674,58.47134057448879
0.2,0.2,0.45,0.9,0.25,0.04,0.25,7,3.114374287080235,3.24653314728425,58.46151607591562
0.2,0.2,0.45,0.9,0.25,0.04,0.5,8,3.229123590297567,3.16766846627698,58.45491558232933
0.2,0.2,0.45,0.9,0.0,0.17,0.1,5,3.7804339558269007,3.127156902153206,57.799694196101235
0.2,0.2,0.45,0.9,0.0,0.17,0.25,6,3.923410575423447,3.0181955704169634,57.79139357059771
0.2,0.2,0.45,0.9,0.0,0.17,0.5,7,4.008324163662591,2.9528281063849042,57.78646847407225
0.2,0.2,0.45,0.9,0.0,0.08,0.1,6,3.702912692660587,3.3335783458824015,57.80419885581799
0.2,0.2,0.45,0.9,0.0,0.08,0.25,7,3.88753387313725,3.1959620218067926,57.79347550174806
0.2,0.2,0.45,0.9,0.0,0.08,0.5,8,4.004672587662683,3.1058658567506487,57.78668019921085
0.2,0.2,0.45,0.9,0.0,0.04,0.1,7,3.6177724067885997,3.5510335734512837,57.809149574025454
0.2,0.2,0.45,0.9,0.0,0.04,0.25,8,3.8225356833165414,3.4101613486653313,57.79724892792246
0.2,0.2,0.45,0.9,0.0,0.04,0.5,9,3.960540154809178,3.3095242877330526,57.789239583374886
0.2,0.2,0.8,0.5,0.5,0.17,0.1,2,2.717683862806708,2.9711388559582965,59.61191899450833
0.2,0.2,0.8,0.5,0.5,0.17,0.25,3,2.7916574031352948,2.9172188129056598,59.607765129655355
0.2,0.2,0.8,0.5,0.5,0.17,0.5,4,2.836454802805033,2.884440992665564,59.60525084943441
0.2,0.2,0.8,0.5,0.5,0.08,0.1,3,2.661460220616707,3.0861435444319496,59.61507785784485
0.2,0.2,0.8,0.5,0.5,0.08,0.25,4,2.770256209786015,3.0112070309854744,59.60896661566861
0.2,0.2,0.8,0.5,0.5,0.08,0.5,5,2.838423750995034,2.9635717694613777,59.605140362608196
0.2,0.2,0.8,0.5,0.5,0.04,0.1,4,2.619091552265429,3.1893442797731772,59.61745927465276
0.2,0.2,0.8,0.5,0.5,0.04,0.25,5,2.748577183490819,3.1083945163907725,59.610183918196334
0.2,0.2,0.8,0.5,0.5,0.04,0.5,6,2.835247096119775,3.0526684191905815,59.60531862036369
0.2,0.2,0.8,0.5,0.25,0.17,0.1,3,3.1188218508982235,3.013783642993303,59.24462560618683
0.2,0.2,0.8,0.5,0.25,0.17,0.25,4,3.212059601042694,2.9450104495281195,59.239363344271254
0.2,0.2,0.8,0.5,0.25,0.17,0.5,5,3.268394608895897,2.903238200361782,59.236185817157974
0.2,0.2,0.8,0.5,0.25,0.08,0.1,4,3.057667224863647,3.1525733875426156,59.248079338136606
0.2,0.2,0.8,0.5,0.25,0.08,0.25,5,3.188474791872098,3.0604350500495885,59.24069406639217
0.2,0.2,0.8,0.5,0.25,0.08,0.5,6,3.2709247113227535,3.0012298912153446,59.23604314379747
0.2,0.2,0.8,0.5,0.25,0.04,0.1,5,3.006238722706267,3.284687092171481,59.25098514343059
0.2,0.2,0.8,0.5,0.25,0.04,0.25,6,3.1589234716541625,3.1865764861426533,59.242361804083146
0.2,0.2,0.8,0.5,0.25,0.04,0.5,7,3.2615850713076044,3.1181210901902787,59.2365698242483
0.2,0.2,0.8,0.5,0.0,0.17,0.1,4,3.520470021398525,3.0583513520287156,58.87663033183039
0.2,0.2,0.8,0.5,0.0,0.17,0.25,5,3.6330067654004594,2.9743153169102405,58.870246866323086
0.2,0.2,0.8,0.5,0.0,0.17,0.5,6,3.7009528511103396,2.9232266369004254,58.86639561015387
0.2,0.2,0.8,0.5,0.0,0.08,0.1,5,3.4531388788261896,3.2223545114888874,58.88045242697358
0.2,0.2,0.8,0.5,0.0,0.08,0.25,6,3.605075304931238,3.1129856661781172,58.87183067887094
0.2,0.2,0.8,0.5,0.0,0.08,0.5,7,3.701562371730227,3.041879342450589,58.8663610716692
0.2,0.2,0.8,0.5,0.0,0.04,0.1,6,3.3902765092796994,3.385166157020593,58.88402277448049
0.2,0.2,0.8,0.5,0.0,0.04,0.25,7,3.5641287505049135,3.270506990564236,58.8741531549147
0.2,0.2,0.8,0.5,0.0,0.04,0.5,8,3.6815142643461085,3.189555483589459,58.86749718892846
0.2,0.2,0.8,0.75,0.5,0.17,0.1,3,2.867096007905423,2.9721471205547267,59.48616146431118
0.2,0.2,0.8,0.75,0.5,0.17,0.25,4,2.9427615859147327,2.9171881309721726,59.481905574651016
0.2,0.2,0.8,0.75,0.5,0.17,0.5,5,2.988078821048301,2.8841645070665725,59.479357942967056
0.2,0.2,0.8,0.75,0.5,0.08,0.1,4,2.8120146740433727,3.088828472945736,59.489261259549565
0.2,0.2,0.8,0.75,0.5,0.08,0.25,5,2.92378207915438,3.0120080115773824,59.482972844885516
0.2,0.2,0.8,0.75,0.5,0.08,0.5,6,2.9932274346559318,2.9635404773010876,59.479068560431855
0.2,0.2,0.8,0.75,0.5,0.04,0.1,5,2.76992279871906,3.1956663721631,59.49163101069856
0.2,0.2,0.8,0.75,0.5,0.04,0.25,6,2.9036260180456575,3.1123165005375175,59.48410646075046
0.2,0.2,0.8,0.75,0.5,0.04,0.5,7,2.9925140431181996,3.055144901674626,59.47910865651639
0.2,0.2,0.8,0.75,0.25,0.17,0.1,4,3.469221067664785,3.0374689363703147,58.93459562207829
0.2,0.2,0.8,0.75,0.25,0.17,0.25,5,3.574035173718193,2.9598663696554337,58.928655461975474
0.2,0.2,0.8,0.75,0.25,0.17,0.5,6,3.6368524949849768,2.91308546654362,58.92509786670159
0.2,0.2,0.8,0.75,0.25,0.08,0.1,5,3.406109801693158,3.1905726485725614,58.938174833330756
0.2,0.2,0.8,0.75,0.25,0.08,0.25,6,3.5501916804409728,3.0880151661197726,58.93000629826548
0.2,0.2,0.8,0.75,0.25,0.08,0.5,7,3.6411465847201008,3.0218434796943376,58.92485474278312
0.2,0.2,0.8,0.75,0.25,0.04,0.1,6,3.3485117881009607,3.3421114943366663,58.94144300764738
0.2,0.2,0.8,0.75,0.25,0.04,0.25,7,3.515453270645197,3.2334247947047445,58.93197485561769
0.2,0.2,0.8,0.75,0.25,0.04,0.5,8,3.6277715128894217,3.1570934381661995,58.92561204460872
0.2,0.2,0.8,0.75,0.0,0.17,0.1,5,4.0721373057313714,3.1074123611115874,58.381475949747596
0.2,0.2,0.8,0.75,0.0,0.17,0.25,6,4.206514554810692,3.0060125081258287,58.3738034000975
0.2,0.2,0.8,0.75,0.0,0.17,0.5,7,4.286937243259414,2.944780934892622,58.36921555435056
0.2,0.2,0.8,0.75,0.0,0.08,0.1,6,3.997899086325152,3.3002824720116273,58.38571837809597
0.2,0.2,0.8,0.75,0.0,0.08,0.25,7,4.173262177315729,3.1714173898375027,58.37570122405176
0.2,0.2,0.8,0.75,0.0,0.08,0.5,8,4.284857548438903,3.087034317430081,58.36933415579164
0.2,0.2,0.8,0.75,0.0,0.04,0.1,7,3.9203207868901746,3.4998913363063022,58.39015445366742
0.2,0.2,0.8,0.75,0.0,0.04,0.25,8,4.116546779581509,3.3670990691694462,58.3789393591468
0.2,0.2,0.8,0.75,0.0,0.04,0.5,9,4.249190380086287,3.272414214122284,58.37136850902442
0.2,0.2,0.8,0.9,0.5,0.17,0.1,4,2.9567335318206878,2.9728288533501885,59.41066871847084
0.2,0.2,0.8,0.9,0.5,0.17,0.25,5,3.033452961856109,2.917218532015683,59.40634929467842
0.2,0.2,0.8,0.9,0.5,0.17,0.5,6,3.0791298650856946,2.8840159392386213,59.40377892275117
0.2,0.2,0.8,0.9,0.5,0.08,0.1,5,2.9023667770459616,3.090492588365575,59.41373132226953
0.2,0.2,0.8,0.9,0.5,0.08,0.25,6,3.0158390338017593,3.0125759470902365,59.40734074248154
0.2,0.2,0.8,0.9,0.5,0.08,0.5,7,3.0861381744003547,2.96355132182545,59.403384631235745
0.2,0.2,0.8,0.9,0.5,0.04,0.1,6,2.860342911552549,3.1995508482940034,59.41609957334835
0.2,0.2,0.8,0.9,0.5,0.04,0.25,7,2.9964934279763655,3.1147702037192375,59.40842982992154
0.2,0.2,0.8,0.9,0.5,0.04,0.5,8,3.0867778832391224,3.0566797630902465,59.40334864199299
0.2,0.2,0.8,0.9,0.25,0.17,0.1,5,3.679428197275203,3.052301775996281,58.748348942159865
0.2,0.2,0.8,0.9,0.25,0.17,0.25,6,3.791481308759881,2.969141353959333,58.74198284075967
0.2,0.2,0.8,0.9,0.25,0.17,0.5,7,3.8582745719524913,2.9192517610924713,58.73819090024157
0.2,0.2,0.8,0.9,0.25,0.08,0.1,6,3.6148181561188153,3.2142932856856645,58.75202232960677
0.2,0.2,0.8,0.9,0.25,0.08,0.25,7,3.766995647014837,3.105286405321374,58.74337344759857
0.2,0.2,0.8,0.9,0.25,0.08,0.5,8,3.8630511812278945,3.034837163458525,58.73791980600743
0.2,0.2,0.8,0.9,0.25,0.04,0.1,7,3.5531740852377203,3.377724287407698,58.75552891825215
0.2,0.2,0.8,0.9,0.25,0.04,0.25,8,3.7282076386535357,3.2627982610511355,58.74557689910019
0.2,0.2,0.8,0.9,0.25,0.04,0.5,9,3.846103109325183,3.1817363979092717,58.738881734245176
0.2,0.2,0.8,0.9,0.0,0.17,0.1,6,4.405543913488041,3.136807441992316,58.08366537290471
0.2,0.2,0.8,0.9,0.0,0.17,0.25,7,4.552974023004008,3.0248355340218613,58.07521481835227
0.2,0.2,0.8,0.9,0.0,0.17,0.5,8,4.640704602927959,2.9575047190013337,58.0701910305236
0.2,0.2,0.8,0.9,0.0,0.08,0.1,7,4.325472817912179,3.348463741775248,58.0882592593756
0.2,0.2,0.8,0.9,0.0,0.08,0.25,8,4.51474851569702,3.20768383186652,58.07740488702273
0.2,0.2,0.8,0.9,0.0,0.08,0.5,9,4.635052923768579,3.115301811011262,58.07051455842416
0.2,0.2,0.8,0.9,0.0,0.04,0.1,8,4.236866272469131,3.5716597665261354,58.093346370664655
0.2,0.2,0.8,0.9,0.0,0.04,0.25,9,4.445888507798523,3.428061378789806,58.08135184288437
0.2,0.2,0.8,0.9,0.0,0.04,0.5,10,4.586848001449839,3.325354428203401,58.073274636995784
0.2,0.4,0.3,0.5,0.5,0.17,0.1,1,3.1393936628499874,3.124622485377597,58.82769797554804
0.2,0.4,0.3,0.5,0.5,0.17,0.25,2,3.2743780717084503,3.0206072372882113,58.82000449819169
0.2,0.4,0.3,0.5,0.5,0.17,0.5,3,3.3576874931340983,2.9558321412406046,58.815260552708594
0.2,0.4,0.3,0.5,0.5,0.08,0.1,2,3.05756925214844,3.3204096653204833,58.83236578512471
0.2,0.4,0.3,0.5,0.5,0.08,0.25,3,3.228946810451583,3.1923030772228995,58.822592903926484
0.2,0.4,0.3,0.5,0.5,0.08,0.5,4,3.3403958943131196,3.106891866222561,58.81624493046238
0.2,0.4,0.3,0.5,0.5,0.04,0.1,3,2.979825571857053,3.5110399015470044,58.83680374654092
0.2,0.4,0.3,0.5,0.5,0.04,0.25,4,3.1677652078214713,3.3816716799946516,58.826080214673084
0.2,0.4,0.3,0.5,0.5,0.04,0.5,5,3.2969247675715074,3.2889832841330846,58.818720282590164
0.2,0.4,0.3,0.5,0.25,0.17,0.1,2,3.8962546612376414,3.268864269661669,58.092368166932594
0.2,0.4,0.3,0.5,0.25,0.17,0.25,3,4.084539124713649,3.1185376302590693,58.08152708527435
0.2,0.4,0.3,0.5,0.25,0.17,0.5,4,4.200076908734673,3.024921307465145,58.074882946288795
0.2,0.4,0.3,0.5,0.25,0.08,0.1,3,3.787580704996074,3.542794915949081,58.098633085542794
0.2,0.4,0.3,0.5,0.25,0.08,0.25,4,4.010831025251993,3.3673239383862352,58.085769061662
0.2,0.4,0.3,0.5,0.25,0.08,0.5,5,4.156338840949503,3.248769545610638,58.07739741327259
0.2,0.4,0.3,0.5,0.25,0.04,0.1,4,3.6707221091271114,3.8187104620786894,58.10537611548901
0.2,0.4,0.3,0.5,0.25,0.04,0.25,5,3.902699944498589,3.650258336247884,58.09199678082815
0.2,0.4,0.3,0.5,0.25,0.04,0.5,6,4.060833949685838,3.528610036163076,58.08289106133972
0.2,0.4,0.3,0.5,0.0,0.17,0.1,3,4.652944217209232,3.4258918684954134,57.35444562812182
0.2,0.4,0.3,0.5,0.0,0.17,0.25,4,4.894083102779767,3.2268517743224994,57.34042191384562
0.2,0.4,0.3,0.5,0.0,0.17,0.5,5,5.040968003670376,3.1030652572503814,57.33189318727286
0.2,0.4,0.3,0.5,0.0,0.08,0.1,4,4.511043256956726,3.7845318261305376,57.362710994677236
0.2,0.4,0.3,0.5,0.0,0.08,0.25,5,4.781888389727906,3.5621355463513282,57.34694328748705
0.2,0.4,0.3,0.5,0.0,0.08,0.5,6,4.957680302047196,3.4109476381563564,57.33672794953926
0.2,0.4,0.3,0.5,0.0,0.04,0.1,5,4.347227641037876,4.150226120896149,57.37226480440434
0.2,0.4,0.3,0.5,0.0,0.04,0.25,6,4.615194985945847,3.9464308987373395,57.35664348562904
0.2,0.4,0.3,0.5,0.0,0.04,0.5,7,4.795467705945344,3.799166927789787,57.34615366468571
0.2,0.4,0.3,0.75,0.5,0.17,0.1,2,3.682290073922778,3.2311681705311157,58.29766084575265
0.2,0.4,0.3,0.75,0.5,0.17,0.25,3,3.8568019990292246,3.09304612208794,58.28764079685709
0.2,0.4,0.3,0.75,0.5,0.17,0.5,4,3.9642423604978827,3.006882266923417,58.28147900872794
0.2,0.4,0.3,0.75,0.5,0.08,0.1,3,3.581219913560396,3.4839617814275448,58.30347066014786
0.2,0.4,0.3,0.75,0.5,0.08,0.25,4,3.7913041019283833,3.3208496747860567,58.29139983330218
0.2,0.4,0.3,0.75,0.5,0.08,0.5,5,3.928384622164516,3.210850234868734,58.28353487077398
0.2,0.4,0.3,0.75,0.5,0.04,0.1,4,3.475641932002538,3.736533849013806,58.30954478889978
0.2,0.4,0.3,0.75,0.5,0.04,0.25,5,3.696854628110957,3.577970821406403,58.296824031928466
0.2,0.4,0.3,0.75,0.5,0.04,0.5,6,3.848178999193741,3.4635631762439374,58.28813556941097
0.2,0.4,0.3,0.75,0.25,0.17,0.1,3,4.8171827617807805,3.4664676989542196,57.190900997856566
0.2,0.4,0.3,0.75,0.25,0.17,0.25,4,5.070990037083001,3.2553336667413024,57.17610789144176
0.2,0.4,0.3,0.75,0.25,0.17,0.5,5,5.225422085231535,3.123980682837856,57.1671218317394
0.2,0.4,0.3,0.75,0.25,0.08,0.1,4,4.6665294612166175,3.846006827325401,57.19969632281019
0.2,0.4,0.3,0.75,0.25,0.08,0.25,5,4.948134424962358,3.6125426538536085,57.18326467701614
0.2,0.4,0.3,0.75,0.25,0.08,0.5,6,5.130709638847897,3.453655624646472,57.17263159815455
0.2,0.4,0.3,0.75,0.25,0.04,0.1,5,4.490927387881705,4.232918151598473,57.209961893721804
0.2,0.4,0.3,0.75,0.25,0.04,0.25,6,4.76648140870255,4.021227869182995,57.1938597948138
0.2,0.4,0.3,0.75,0.25,0.04,0.5,7,4.951294072619028,3.86832014330792,57.183080526118644
0.2,0.4,0.3,0.75,0.0,0.17,0.1,4,5.950912431384769,3.7309908168595287,56.07841716751201
0.2,0.4,0.3,0.75,0.0,0.17,0.25,5,6.282795635057248,3.4422150944339003,56.05878906909768
0.2,0.4,0.3,0.75,0.0,0.17,0.5,6,6.481979622983469,3.2633632350471675,56.0470342247972
0.2,0.4,0.3,0.75,0.0,0.08,0.1,5,5.736926385458974,4.248973162521144,56.09110060336876
0.2,0.4,0.3,0.75,0.0,0.08,0.25,6,6.0822394243346345,3.946694564062761,56.070643988803596
0.2,0.4,0.3,0.75,0.0,0.08,0.5,7,6.303300872854112,3.7409958385261697,56.05757808088762
0.2,0.4,0.3,0.75,0.0,0.04,0.1,6,5.476876881112469,4.776046392967975,56.106543973312874
0.2,0.4,0.3,0.75,0.0,0.04,0.25,7,5.7956188922271945,4.516471134645748,56.08761957793546
0.2,0.4,0.3,0.75,0.0,0.04,0.5,8,6.005442995201915,4.329856884207863,56.075188528764784
0.2,0.4,0.3,0.9,0.5,0.17,0.1,3,4.0079445905130795,3.2984120106366914,57.97899230577104
0.2,0.4,0.3,0.9,0.5,0.17,0.25,4,4.206079303172627,3.1391643048187636,57.9675659384316
0.2,0.4,0.3,0.9,0.5,0.17,0.5,5,4.327759727144831,3.0398101270215245,57.9605578927618
0.2,0.4,0.3,0.9,0.5,0.08,0.1,4,3.8937005278191217,3.5871805797556506,57.98558920853672
0.2,0.4,0.3,0.9,0.5,0.08,0.25,5,4.125842289772597,3.4031575230452624,57.97219093652585
0.2,0.4,0.3,0.9,0.5,0.08,0.5,6,4.277275660309687,3.2785029686288527,57.96346461437063
0.2,0.4,0.3,0.9,0.5,0.04,0.1,5,3.7693413883831184,3.878205078766022,57.99277726745504
0.2,0.4,0.3,0.9,0.5,0.04,0.25,6,4.008183199137116,3.7032191118067903,57.978978534068546
0.2,0.4,0.3,0.9,0.5,0.04,0.5,7,4.170754080860761,3.5767673240042583,57.96960176816259
0.2,0.4,0.3,0.9,0.25,0.17,0.1,4,5.369308042306553,3.5945421245806886,56.64820202241134
0.2,0.4,0.3,0.9,0.25,0.17,0.25,5,5.662037382771112,3.3453786963565517,56.631017213846825
0.2,0.4,0.3,0.9,0.25,0.17,0.5,6,5.83904680416798,3.1906211951882395,56.62064558414416
0.2,0.4,0.3,0.9,0.25,0.08,0.1,5,5.189043557173401,4.041291809580338,56.65880490034749
0.2,0.4,0.3,0.9,0.25,0.08,0.25,6,5.503016089112034,3.7735609626096824,56.64034756068538
0.2,0.4,0.3,0.9,0.25,0.08,0.5,7,5.705416661343055,3.591185106953569,56.628474086314625
0.2,0.4,0.3,0.9,0.25,0.04,0.1,6,4.973498755219574,4.496735053969133,56.67150337631877
0.2,0.4,0.3,0.9,0.25,0.04,0.25,7,5.271314820559003,4.260973173637651,56.653963901554036
0.2,0.4,0.3,0.9,0.25,0.04,0.5,8,5.469119016804402,4.091014099290674,56.642337981365806
0.2,0.4,0.3,0.9,0.0,0.17,0.1,5,6.728209010857844,3.933057776486319,55.30927124226089
0.2,0.4,0.3,0.9,0.0,0.17,0.25,6,7.113708822009368,3.5879456587938923,55.286246592013676
0.2,0.4,0.3,0.9,0.0,0.17,0.5,7,7.342795133896818,3.3749811404176855,55.2725976357221
0.2,0.4,0.3,0.9,0.0,0.08,0.1,6,6.462720197854166,4.552277671732381,55.325169511981564
0.2,0.4,0.3,0.9,0.0,0.08,0.25,7,6.848975849949235,4.203098813042013,55.302050574507724
0.2,0.4,0.3,0.9,0.0,0.08,0.5,8,7.093978894260489,3.966158679425965,55.28742327049525
0.2,0.4,0.3,0.9,0.0,0.04,0.1,7,6.137596887910557,5.177882729382037,55.344685229872795
0.2,0.4,0.3,0.9,0.0,0.04,0.25,8,6.483147272110701,4.886548514546081,55.32394507123654
0.2,0.4,0.3,0.9,0.0,0.04,0.5,9,6.7083289339584296,4.678152882842097,55.31046054633588
0.2,0.4,0.45,0.5,0.5,0.17,0.1,2,3.8688128481275452,3.1807589779243814,58.95821784405201
0.2,0.4,0.45,0.5,0.5,0.17,0.25,3,4.024243259285254,3.059927358564365,58.949449841935596
0.2,0.4,0.45,0.5,0.5,0.17,0.5,4,4.12102231551863,2.983883673426109,58.943996099019145
0.2,0.4,0.45,0.5,0.5,0.08,0.1,3,3.777217839523561,3.403184249200754,58.96339008801933
0.2,0.4,0.45,0.5,0.5,0.08,0.25,4,3.968291207824559,3.258336614862468,58.9526048649057
0.2,0.4,0.45,0.5,0.5,0.08,0.5,5,4.093607774892094,3.1606575088578954,58.94554053601563
0.2,0.4,0.45,0.5,0.5,0.04,0.1,4,3.6871269503403026,3.6203392416655307,58.96848121491679
0.2,0.4,0.45,0.5,0.5,0.04,0.25,5,3.892066005502559,3.4769950783757073,58.956905392534395
0.2,0.4,0.45,0.5,0.5,0.04,0.5,6,4.033294550554123,3.3736663099216386,58.9489395946253
0.2,0.4,0.45,0.5,0.25,0.17,0.1,3,4.636440222694871,3.3294827447421014,58.22237783252655
0.2,0.4,0.45,0.5,0.25,0.17,0.25,4,4.845491831933435,3.1613952936362892,58.21046418689274
0.2,0.4,0.45,0.5,0.25,0.17,0.5,5,4.974341100415702,3.0560642952567716,58.203131332218916
0.2,0.4,0.45,0.5,0.25,0.08,0.1,4,4.5160119952244,3.632086613829884,58.22925018351724
0.2,0.4,0.45,0.5,0.25,0.08,0.25,5,4.75791198034452,3.4399872014479693,58.21545279604191
0.2,0.4,0.45,0.5,0.25,0.08,0.5,6,4.916081295739705,3.3094126833421473,58.20644596098422
0.2,0.4,0.45,0.5,0.25,0.04,0.1,5,4.384393186661262,3.9358222117525625,58.23676890275562
0.2,0.4,0.45,0.5,0.25,0.04,0.25,6,4.630879316990555,3.754838433852401,58.22269502154618
0.2,0.4,0.45,0.5,0.25,0.04,0.5,7,4.7985721517749935,3.623995084543325,58.21313632006071
0.2,0.4,0.45,0.5,0.0,0.17,0.1,4,5.404113829693924,3.4910018952553865,57.48391865490814
0.2,0.4,0.45,0.5,0.0,0.17,0.25,5,5.666297910244489,3.2733699019328837,57.46882684111449
0.2,0.4,0.45,0.5,0.0,0.17,0.5,6,5.826283799901155,3.1375214870006816,57.45963351055771
0.2,0.4,0.45,0.5,0.0,0.08,0.1,5,5.248508981047162,3.8799370371497366,57.492890787646814
0.2,0.4,0.45,0.5,0.0,0.08,0.25,6,5.537065011483877,3.64117094802954,57.47626171603449
0.2,0.4,0.45,0.5,0.0,0.08,0.5,7,5.72441541285913,3.4783749998814075,57.46548583380601
0.2,0.4,0.45,0.5,0.0,0.04,0.1,6,5.067803243050317,4.274224904379733,57.503324510878414
0.2,0.4,0.45,0.5,0.0,0.04,0.25,7,5.348465989149687,4.059031107825403,57.48712598921543
0.2,0.4,0.45,0.5,0.0,0.04,0.5,8,5.5366059106318755,3.903678698882222,57.4762881423914
0.2,0.4,0.45,0.75,0.5,0.17,0.1,3,4.333029667867705,3.2608972069138287,58.51887739122512
0.2,0.4,0.45,0.75,0.5,0.17,0.25,4,4.518548373381437,3.113961973362391,58.508348379065936
0.2,0.4,0.45,0.75,0.5,0.17,0.5,5,4.6330941324906005,3.021957566134547,58.50185539352205
0.2,0.4,0.45,0.75,0.5,0.08,0.1,4,4.22600303973355,3.5278414624339596,58.52495893023022
0.2,0.4,0.45,0.75,0.5,0.08,0.25,5,4.446401136770017,3.3562510650252806,58.51244115086348
0.2,0.4,0.45,0.75,0.5,0.08,0.5,6,4.590551348224348,3.240099792218635,58.50426620455674
0.2,0.4,0.45,0.75,0.5,0.04,0.1,5,4.112986352275261,3.794307436053859,58.53138665375894
0.2,0.4,0.45,0.75,0.5,0.04,0.25,6,4.342701381752478,3.6290849487273804,58.518328082079876
0.2,0.4,0.45,0.75,0.5,0.04,0.5,7,4.499779906704204,3.5097371885796846,58.509412844423636
0.2,0.4,0.45,0.75,0.25,0.17,0.1,4,5.484781079685486,3.49968712052394,57.41176942355689
0.2,0.4,0.45,0.75,0.25,0.17,0.25,5,5.7501292067239085,3.279056905941962,57.39648144549654
0.2,0.4,0.45,0.75,0.25,0.17,0.5,6,5.9117027314447235,3.1415674735824566,57.38718851866116
0.2,0.4,0.45,0.75,0.25,0.08,0.1,5,5.326493423221645,3.8946977825473064,57.4209048382349
0.2,0.4,0.45,0.75,0.25,0.08,0.25,6,5.6179966262196235,3.652881333213826,57.404090121949004
0.2,0.4,0.45,0.75,0.25,0.08,0.5,7,5.806991943700357,3.488106028634239,57.393209589194825
0.2,0.4,0.45,0.75,0.25,0.04,0.1,6,5.14153673725124,4.296211107794164,57.4315943501006
0.2,0.4,0.45,0.75,0.25,0.04,0.25,7,5.424412884875585,4.078687456432828,57.4152521269066
0.2,0.4,0.45,0.75,0.25,0.04,0.5,8,5.613789159062543,3.9216683928896656,57.404332537280666
0.2,0.4,0.45,0.75,0.0,0.17,0.1,5,6.635890842257175,3.76771259816811,56.2988682186374
0.2,0.4,0.45,0.75,0.0,0.17,0.25,6,6.979821345054771,3.468881357314605,56.278760517993746
0.2,0.4,0.45,0.75,0.0,0.17,0.5,7,7.186172630430709,3.2836862677642653,56.26672288771102
0.2,0.4,0.45,0.75,0.0,0.08,0.1,6,6.412566755799931,4.3021049501530735,56.31195452062663
0.2,0.4,0.45,0.75,0.0,0.08,0.25,7,6.76754572474032,3.991644524780389,56.29116453335439
0.2,0.4,0.45,0.75,0.0,0.08,0.5,8,6.99459512511047,3.780368809525856,56.27789801922377
0.2,0.4,0.45,0.75,0.0,0.04,0.1,7,6.141434252015476,4.844117138040974,56.327873967317664
0.2,0.4,0.45,0.75,0.0,0.04,0.25,8,6.466974064002584,4.579163103372262,56.3087642042566
0.2,0.4,0.45,0.75,0.0,0.04,0.5,9,6.680905229728995,4.388887708926094,56.296233319279644
0.2,0.4,0.45,0.9,0.5,0.17,0.1,4,4.611684837041041,3.310942836821187,58.25481439677298
0.2,0.4,0.45,0.9,0.5,0.17,0.25,5,4.815190165788752,3.1479699611016168,58.243222829737284
0.2,0.4,0.45,0.9,0.5,0.17,0.5,6,4.940279134102044,3.046170314686357,58.23610739080443
0.2,0.4,0.45,0.9,0.5,0.08,0.1,5,4.494322657024297,3.6057139765565793,58.261508081211645
0.2,0.4,0.45,0.9,0.5,0.08,0.25,6,4.731611564544602,3.4181303707459523,58.24798109081241
0.2,0.4,0.45,0.9,0.5,0.08,0.5,7,4.886495715638017,3.2909258036938596,58.23916586295298
0.2,0.4,0.45,0.9,0.5,0.04,0.1,6,4.36615016892774,3.902618378001119,58.26882569102266
0.2,0.4,0.45,0.9,0.5,0.04,0.25,7,4.609345117111463,3.7248654712807383,58.2549477784583
0.2,0.4,0.45,0.9,0.5,0.04,0.5,8,4.774808407941511,3.596404690257049,58.24552142043543
0.2,0.4,0.45,0.9,0.25,0.17,0.1,5,5.993817200552765,3.6089358284687867,56.923899955901945
0.2,0.4,0.45,0.9,0.25,0.17,0.25,6,6.292639054990534,3.3556633259834543,56.90657205225871
0.2,0.4,0.45,0.9,0.25,0.17,0.5,7,6.473341210824657,3.1982953031813777,56.89611385230702
0.2,0.4,0.45,0.9,0.25,0.08,0.1,6,5.809286904099009,4.062361670617854,56.93462131269788
0.2,0.4,0.45,0.9,0.25,0.08,0.25,7,6.128650797262325,3.7910631446874934,56.91607612822719
0.2,0.4,0.45,0.9,0.25,0.08,0.5,8,6.334479563593987,3.606231689243785,56.9041491632877
0.2,0.4,0.45,0.9,0.25,0.04,0.1,7,5.588577963277497,4.52408494167505,56.94746574578846
0.2,0.4,0.45,0.9,0.25,0.04,0.25,8,5.890610541959229,4.285821181114629,56.92989437116069
0.2,0.4,0.45,0.9,0.25,0.04,0.5,9,6.091063719011558,4.114140736093225,56.91825629172273
0.2,0.4,0.45,0.9,0.0,0.17,0.1,6,7.374295121507646,3.9493501561338933,55.58473503055521
0.2,0.4,0.45,0.9,0.0,0.17,0.25,7,7.766619767669614,3.5998025325279266,55.561587726410785
0.2,0.4,0.45,0.9,0.0,0.17,0.5,8,7.99968507068507,3.3841073001357698,55.54787096210592
0.2,0.4,0.45,0.9,0.0,0.08,0.1,7,7.103274123078385,4.575737889137472,55.60076774693531
0.2,0.4,0.45,0.9,0.0,0.08,0.25,8,7.495263626467663,4.222983414471409,55.577590123075126
0.2,0.4,0.45,0.9,0.0,0.08,0.5,9,7.74378405077516,3.9836841758269617,55.56293306105694
0.2,0.4,0.45,0.9,0.0,0.04,0.1,8,6.771622166086377,5.20787043210087,55.62043457461196
0.2,0.4,0.45,0.9,0.0,0.04,0.25,9,7.121543676902742,4.9141173565099265,55.59968588742434
0.2,0.4,0.45,0.9,0.0,0.04,0.5,10,7.349436356152372,4.704116921118454,55.58620414808747
0.2,0.4,0.8,0.5,0.5,0.17,0.1,3,5.393854552721211,3.297106513232004,59.22765029085502
0.2,0.4,0.8,0.5,0.5,0.17,0.25,4,5.591370958041453,3.1413173470235756,59.216743247622425
0.2,0.4,0.8,0.5,0.5,0.17,0.5,5,5.715118660262153,3.042320287660961,59.209918689271746
0.2,0.4,0.8,0.5,0.5,0.08,0.1,4,5.280429264755115,3.5753888711699418,59.2339216648371
0.2,0.4,0.8,0.5,0.5,0.08,0.25,5,5.510830589084503,3.3966856506619694,59.22118864984508
0.2,0.4,0.8,0.5,0.5,0.08,0.5,6,5.662992630345909,3.274610956818423,59.21279255102032
0.2,0.4,0.8,0.5,0.5,0.04,0.1,5,5.1626525972424675,3.847960144794798,59.240439761883444
0.2,0.4,0.8,0.5,0.5,0.04,0.25,6,5.400009367847902,3.6777212307272835,59.227310151757315
0.2,0.4,0.8,0.5,0.5,0.04,0.5,7,5.563123836085859,3.5544864040657758,59.218302008282386
0.2,0.4,0.8,0.5,0.25,0.17,0.1,4,6.184293395066054,3.4548180524894807,58.49075174881643
0.2,0.4,0.8,0.5,0.25,0.17,0.25,5,6.436026918220472,3.250002767343009,58.476707879806696
0.2,0.4,0.8,0.5,0.25,0.17,0.5,6,6.591498615113012,3.1209087812487,58.46804854148993
0.2,0.4,0.8,0.5,0.25,0.08,0.1,5,6.0379594361018585,3.817009521498534,58.498928641825685
0.2,0.4,0.8,0.5,0.25,0.08,0.25,6,6.317096590944926,3.5914603668706317,58.4833392880875
0.2,0.4,0.8,0.5,0.25,0.08,0.5,7,6.499764082157045,3.437139464467884,58.473156587766205
0.2,0.4,0.8,0.5,0.25,0.04,0.1,6,5.873858899859652,4.17836092864059,58.508109813954114
0.2,0.4,0.8,0.5,0.25,0.04,0.25,7,6.148210353534478,3.9731500622888785,58.49276711024416
0.2,0.4,0.8,0.5,0.25,0.04,0.5,8,6.333463408686857,3.8249653419230376,58.48242631734124
0.2,0.4,0.8,0.5,0.0,0.17,0.1,5,6.975216724459488,3.625342241162978,57.75118052655455
0.2,0.4,0.8,0.5,0.0,0.17,0.25,6,7.280617006005863,3.36942811202168,57.73397087634198
0.2,0.4,0.8,0.5,0.0,0.17,0.5,7,7.466803364431085,3.2091961597962113,57.7234996582227
0.2,0.4,0.8,0.5,0.0,0.08,0.1,6,6.789675917507831,4.076840785492317,57.761656535334794
0.2,0.4,0.8,0.5,0.0,0.08,0.25,7,7.113696757868149,3.8052011881173695,57.74337180912323
0.2,0.4,0.8,0.5,0.0,0.08,0.5,8,7.323537397333335,3.619508709625358,57.73155563037539
0.2,0.4,0.8,0.5,0.0,0.04,0.1,7,6.572222367005853,4.530061201116619,57.773954277672644
0.2,0.4,0.8,0.5,0.0,0.04,0.25,8,6.877635297808293,4.29256943933397,57.75668822775407
0.2,0.4,0.8,0.5,0.0,0.04,0.5,9,7.080672104417851,4.121661285091425,57.74523324231395
0.2,0.4,0.8,0.75,0.5,0.17,0.1,4,5.686715199432735,3.3212973266745647,58.97562254985258
0.2,0.4,0.8,0.75,0.5,0.17,0.25,5,5.894906294787883,3.156326163138506,58.964087503248976
0.2,0.4,0.8,0.75,0.5,0.17,0.5,6,6.023828686569921,3.0525431454161596,58.95695416447689
0.2,0.4,0.8,0.75,0.5,0.08,0.1,5,5.5669232850539485,3.617384859545942,58.98226857726945
0.2,0.4,0.8,0.75,0.5,0.08,0.25,6,5.808325464303299,3.4286293797314635,58.96888224213465
0.2,0.4,0.8,0.75,0.5,0.08,0.5,7,5.966612755941525,3.300170334072833,58.96011903167242
0.2,0.4,0.8,0.75,0.5,0.04,0.1,6,5.43787602038166,3.9125842464093306,58.989435325923466
0.2,0.4,0.8,0.75,0.5,0.04,0.25,7,5.684603150339229,3.7341503822523525,58.97573966991379
0.2,0.4,0.8,0.75,0.5,0.04,0.5,8,5.852922754554624,3.6051466208282217,58.96641207976607
0.2,0.4,0.8,0.75,0.25,0.17,0.1,5,6.87378119801525,3.5671245339772937,57.86782889709081
0.2,0.4,0.8,0.75,0.25,0.17,0.25,6,7.162900991484777,3.3271155696506467,57.85156519230155
0.2,0.4,0.8,0.75,0.25,0.17,0.5,7,7.338939489581731,3.1772746638310987,57.84168100299677
0.2,0.4,0.8,0.75,0.25,0.08,0.1,6,6.699226532973057,3.993864813063968,57.877666295973405
0.2,0.4,0.8,0.75,0.25,0.08,0.25,7,7.010937177802257,3.735156363440488,57.8601088378874
0.2,0.4,0.8,0.75,0.25,0.08,0.5,8,7.212840589723779,3.558604813555234,57.84875977628276
0.2,0.4,0.8,0.75,0.25,0.04,0.1,7,6.494286681026407,4.425472592097505,57.889233737338486
0.2,0.4,0.8,0.75,0.25,0.04,0.25,8,6.791974782073473,4.196267715694349,57.87243755533862
0.2,0.4,0.8,0.75,0.25,0.04,0.5,9,6.990468102398584,4.031083986589853,57.861260436234254
0.2,0.4,0.8,0.75,0.0,0.17,0.1,6,8.061287940002138,3.8422208503505715,56.75410035569585
0.2,0.4,0.8,0.75,0.0,0.17,0.25,7,8.430047420650189,3.5229082360118213,56.733048728489756
0.2,0.4,0.8,0.75,0.0,0.17,0.5,8,8.650950843032312,3.324957369294599,56.72046723577776
0.2,0.4,0.8,0.75,0.0,0.08,0.1,7,7.818133511359848,4.41019433850712,56.768015193072095
0.2,0.4,0.8,0.75,0.0,0.08,0.25,8,8.19293910715837,4.083155756570346,56.74657763695974
0.2,0.4,0.8,0.75,0.0,0.08,0.5,9,8.432138529619593,3.8606906900581084,56.73292952700181
0.2,0.4,0.8,0.75,0.0,0.04,0.1,8,7.5234397511099615,4.9829628018514205,56.78491553761924
0.2,0.4,0.8,0.75,0.0,0.04,0.25,9,7.862914751227468,4.70711176050815,56.76545050739378
0.2,0.4,0.8,0.75,0.0,0.04,0.5,10,8.08524479109083,4.509445298976979,56.752730845624754
0.2,0.4,0.8,0.9,0.5,0.17,0.1,5,5.862654538686196,3.336130718950122,58.82424088042754
0.2,0.4,0.8,0.9,0.5,0.17,0.25,6,6.077237567866711,3.165593895933734,58.81232793372428
0.2,0.4,0.8,0.9,0.5,0.17,0.5,7,6.2092825704835874,3.058883484845679,58.80500749009073
0.2,0.4,0.8,0.9,0.5,0.08,0.1,6,5.738745153953184,3.6431679814543925,58.83112935332889
0.2,0.4,0.8,0.9,0.5,0.08,0.25,7,5.986637487063873,3.448357940911401,58.81735523154942
0.2,0.4,0.8,0.9,0.5,0.08,0.5,8,6.148568348478434,3.316018288339135,58.808372456787254
0.2,0.4,0.8,0.9,0.5,0.04,0.1,7,5.602509412995538,3.952194598075154,58.83871107353035
0.2,0.4,0.8,0.9,0.5,0.04,0.25,8,5.854641993734266,3.7688519074937137,58.824686111393774
0.2,0.4,0.8,0.9,0.5,0.04,0.5,9,6.025995509882276,3.6363585838683212,58.81517084624872
0.2,0.4,0.8,0.9,0.25,0.17,0.1,6,7.288030409190194,3.637896118404465,57.49314080592569
0.2,0.4,0.8,0.9,0.25,0.17,0.25,7,7.599430556592357,3.37628355292628,57.47553771526663
0.2,0.4,0.8,0.9,0.25,0.17,0.5,8,7.787688758424061,3.2136703070103954,57.464916864561964
0.2,0.4,0.8,0.9,0.25,0.08,0.1,7,7.094550909857311,4.1049601339324635,57.50410004894497
0.2,0.4,0.8,0.9,0.25,0.08,0.25,8,7.425045026879906,3.826411925934947,57.48539013973167
0.2,0.4,0.8,0.9,0.25,0.08,0.5,9,7.637910263818792,3.6366222356613096,57.47336553419879
0.2,0.4,0.8,0.9,0.25,0.04,0.1,8,6.862958680673148,4.579626830881194,57.51724044487555
0.2,0.4,0.8,0.9,0.25,0.04,0.25,9,7.173696315887779,4.336273128706343,57.49961497282941
0.2,0.4,0.8,0.9,0.25,0.04,0.5,10,7.379607336143668,4.161096379221221,57.4879595272165
0.2,0.4,0.8,0.9,0.0,0.17,0.1,7,8.713439900061815,3.982162146875206,56.153565086504486
0.2,0.4,0.8,0.9,0.0,0.17,0.25,8,9.119868161081811,3.6236126196389358,56.13018521494221
0.2,0.4,0.8,0.9,0.0,0.17,0.5,9,9.36110058431825,3.402423487305508,56.116343544518976
0.2,0.4,0.8,0.9,0.0,0.08,0.1,8,8.430819585721094,4.6231981305677525,56.16986708179421
0.2,0.4,0.8,0.9,0.0,0.08,0.25,9,8.834679079597496,4.263159456484586,56.14658294702226
0.2,0.4,0.8,0.9,0.0,0.08,0.5,10,9.09045584002859,4.019079490466901,56.13187465738441
0.2,0.4,0.8,0.9,0.0,0.04,0.1,9,8.085437246720284,5.268788304540646,56.18983881533328
0.2,0.4,0.8,0.9,0.0,0.04,0.25,10,8.444428426172657,4.97008068421804,56.1690812677787
0.2,0.4,0.8,0.9,0.0,0.04,0.5,11,8.677950051769145,4.75679202849281,56.1556102023892
0.2,0.6,0.3,0.5,0.5,0.17,0.1,2,4.723645869071458,3.3341657950294423,58.23808158793646
0.2,0.6,0.3,0.5,0.5,0.17,0.25,3,4.940596784316131,3.1582249046781654,58.22573309754805
0.2,0.6,0.3,0.5,0.5,0.17,0.5,4,5.070951039616944,3.050655349816756,58.21832406682257
0.2,0.6,0.3,0.5,0.5,0.08,0.1,3,4.593623842860617,3.654584507580752,58.24549274098938
0.2,0.6,0.3,0.5,0.5,0.08,0.25,4,4.843305563349998,3.4536546515780198,58.231268045547594
0.2,0.6,0.3,0.5,0.5,0.08,0.5,5,5.00490038379422,3.3181993479771,58.22207724619866
0.2,0.6,0.3,0.5,0.5,0.04,0.1,4,4.44901743589996,3.980361664107594,58.2537444731287
0.2,0.6,0.3,0.5,0.5,0.04,0.25,5,4.701023884350253,3.792575963093793,58.239370456294395
0.2,0.6,0.3,0.5,0.5,0.04,0.5,6,4.8717208064122275,3.657192583273547,58.22965103265827
0.2,0.6,0.3,0.5,0.25,0.17,0.1,3,5.8654271702129,3.5947174135690165,57.13000142888058
0.2,0.6,0.3,0.5,0.25,0.17,0.25,4,6.166880928495222,3.337250109333851,57.11258365735501
0.2,0.6,0.3,0.5,0.25,0.17,0.5,5,6.34566956509186,3.1802655791143426,57.10227340088538
0.2,0.6,0.3,0.5,0.25,0.08,0.1,4,5.673716738016643,4.057883676332806,57.141100440909796
0.2,0.6,0.3,0.5,0.25,0.08,0.25,5,5.995365517193885,3.7817662476755887,57.12248848273029
0.2,0.6,0.3,0.5,0.25,0.08,0.5,6,6.201601210473084,3.5944669829211184,57.11058026889678
0.2,0.6,0.3,0.5,0.25,0.04,0.1,5,5.446220673257041,4.530398016797673,57.154293664632625
0.2,0.6,0.3,0.5,0.25,0.04,0.25,6,5.748846942395569,4.289101920752683,57.13674874767768
0.2,0.6,0.3,0.5,0.25,0.04,0.5,7,5.949727201459565,4.115216114635732,57.125126358982236
0.2,0.6,0.3,0.5,0.0,0.17,0.1,4,7.005232894841806,3.8868993756652106,56.01624397805003
0.2,0.6,0.3,0.5,0.0,0.17,0.25,5,7.389743007112259,3.54304429985254,55.99370007168827
0.2,0.6,0.3,0.5,0.0,0.17,0.5,6,7.614547523370052,3.334335170367507,55.980551767433305
0.2,0.6,0.3,0.5,0.0,0.08,0.1,5,6.737625986716789,4.503015318631762,56.03197484028898
0.2,0.6,0.3,0.5,0.0,0.08,0.25,6,7.123820432918637,4.153414079707648,56.009283771469335
0.2,0.6,0.3,0.5,0.0,0.08,0.5,7,7.3684570927057935,3.916540183421588,55.994946258693304
0.2,0.6,0.3,0.5,0.0,0.04,0.1,6,6.414283006887933,5.125693965339209,56.051027225163374
0.2,0.6,0.3,0.5,0.0,0.04,0.25,7,6.758871620460805,4.834823272649285,56.03072471360184
0.2,0.6,0.3,0.5,0.0,0.04,0.5,8,6.9841864696263745,4.626099962955797,56.01747993746028
0.2,0.6,0.3,0.75,0.5,0.17,0.1,3,5.542757070580895,3.5250239219183626,57.43954459791885
0.2,0.6,0.3,0.75,0.5,0.17,0.25,4,5.822268186480795,3.2893705923626797,57.42346087876702
0.2,0.6,0.3,0.75,0.5,0.17,0.5,5,5.988881769160259,3.1453540881462865,57.41389085997071
0.2,0.6,0.3,0.75,0.5,0.08,0.1,4,5.369005381598546,3.9490397631707586,57.44956108520818
0.2,0.6,0.3,0.75,0.5,0.08,0.25,5,5.672470041012989,3.692673358354056,57.432076077732766
0.2,0.6,0.3,0.75,0.5,0.08,0.5,6,5.867747420691316,3.5188168412599246,57.420847343190395
0.2,0.6,0.3,0.75,0.5,0.04,0.1,5,5.165583252839312,4.3811806536918585,57.46130602862949
0.2,0.6,0.3,0.75,0.5,0.04,0.25,6,5.455857931975006,4.153668031497484,57.44455241620595
0.2,0.6,0.3,0.75,0.5,0.04,0.5,7,5.649535747047563,3.989647431039347,57.43339599996654
0.2,0.6,0.3,0.75,0.25,0.17,0.1,4,7.252225518286237,3.9625061232590832,55.769181791898085
0.2,0.6,0.3,0.75,0.25,0.17,0.25,5,7.656337055641371,3.5974879617492475,55.74541220468946
0.2,0.6,0.3,0.75,0.25,0.17,0.5,6,7.891971059654712,3.376046099044655,55.73158763575202
0.2,0.6,0.3,0.75,0.25,0.08,0.1,5,6.965309059565206,4.615229440333015,55.78610468219543
0.2,0.6,0.3,0.75,0.25,0.08,0.25,6,7.365896570944508,4.248662795123296,55.76248798281513
0.2,0.6,0.3,0.75,0.25,0.08,0.5,7,7.618980641775663,4.000490267353836,55.747606274458136
0.2,0.6,0.3,0.75,0.25,0.04,0.1,6,6.618897886460218,5.272193856226034,55.80658861053921
0.2,0.6,0.3,0.75,0.25,0.04,0.25,7,6.972576722828916,4.970198875997435,55.7856755412638
0.2,0.6,0.3,0.75,0.25,0.04,0.5,8,7.203165782446463,4.753852199593413,55.77207267799328
0.2,0.6,0.3,0.75,0.0,0.17,0.1,5,8.953784956884302,4.471091445485037,54.08647227600733
0.2,0.6,0.3,0.75,0.0,0.17,0.25,6,9.479436473440273,3.9686118803749038,54.0548930124067
0.2,0.6,0.3,0.75,0.0,0.17,0.5,7,9.77943557989638,3.666597562662698,54.036928345431704
0.2,0.6,0.3,0.75,0.0,0.08,0.1,6,8.5252028256966,5.366743160789573,54.11231674883972
0.2,0.6,0.3,0.75,0.0,0.08,0.25,7,9.013958711513116,4.892529442525194,54.082850641333714
0.2,0.6,0.3,0.75,0.0,0.08,0.5,8,9.317382594882595,4.574990403037645,54.06461474736892
0.2,0.6,0.3,0.75,0.0,0.04,0.1,7,8.014676975385315,6.24963758049586,54.143217032943134
0.2,0.6,0.3,0.75,0.0,0.04,0.25,8,8.426316681123925,5.875512088958159,54.11829222595743
0.2,0.6,0.3,0.75,0.0,0.04,0.5,9,8.690717971877838,5.611431212576856,54.10232545950207
0.2,0.6,0.3,0.9,0.5,0.17,0.1,4,6.033712060973939,3.647710585443768,56.95900051637316
0.2,0.6,0.3,0.9,0.5,0.17,0.25,5,6.350392685487449,3.3748711646441136,56.940660208548245
0.2,0.6,0.3,0.9,0.5,0.17,0.5,6,6.538090597589785,3.2083332425544833,56.9298119154442
0.2,0.6,0.3,0.9,0.5,0.08,0.1,5,5.830062502974487,4.136764095275071,56.970819539117755
0.2,0.6,0.3,0.9,0.5,0.08,0.25,6,6.163571112951094,3.847635702141116,56.95147416074826
0.2,0.6,0.3,0.9,0.5,0.08,0.5,7,6.377131210971543,3.6513533401791207,56.93911381192767
0.2,0.6,0.3,0.9,0.5,0.04,0.1,6,5.587790578987661,4.6338590897706,56.98490547008692
0.2,0.6,0.3,0.9,0.5,0.04,0.25,7,5.898056445829969,4.38394006572306,56.96687127082449
0.2,0.6,0.3,0.9,0.5,0.04,0.5,8,6.103391249854839,4.20398929126984,56.954961076482554
0.2,0.6,0.3,0.9,0.25,0.17,0.1,5,8.081769264971017,4.206233304160844,54.94875686663053
0.2,0.6,0.3,0.9,0.25,0.17,0.25,6,8.54641389271582,3.7739942138678297,54.92113974297575
0.2,0.6,0.3,0.9,0.25,0.17,0.5,7,8.814522869751794,3.512833995457467,54.90525019688624
0.2,0.6,0.3,0.9,0.25,0.08,0.1,6,7.728504729991625,4.977377985238951,54.96982206205093
0.2,0.6,0.3,0.9,0.25,0.08,0.25,7,8.173211698536598,4.5575225199195595,54.94331376239073
0.2,0.6,0.3,0.9,0.25,0.08,0.5,8,8.451706188862618,4.274537345571342,54.92676065992761
0.2,0.6,0.3,0.9,0.25,0.04,0.1,7,7.303856608871517,5.745366049722358,54.995222374001685
0.2,0.6,0.3,0.9,0.25,0.04,0.25,8,7.686043937918252,5.407897535072131,54.97235798734309
0.2,0.6,0.3,0.9,0.25,0.04,0.5,9,7.93327138855342,5.167635010573694,54.9576046077244
0.2,0.6,0.3,0.9,0.0,0.17,0.1,6,10.115023730209739,4.867075595959097,52.92113294163916
0.2,0.6,0.3,0.9,0.0,0.17,0.25,7,10.72399151283494,4.2656233317842975,52.88402655474869
0.2,0.6,0.3,0.9,0.0,0.17,0.5,8,11.066858017942716,3.906681393950044,52.86321148738979
0.2,0.6,0.3,0.9,0.0,0.08,0.1,7,9.574188254243632,5.935422409843244,52.954235575354026
0.2,0.6,0.3,0.9,0.0,0.08,0.25,8,10.12262230373322,5.387203956687268,52.92066885334494
0.2,0.6,0.3,0.9,0.0,0.08,0.5,9,10.459273721373986,5.02414037824745,52.900135123152644
0.2,0.6,0.3,0.9,0.0,0.04,0.1,8,8.941225343003033,6.973245782873666,52.99315533809232
0.2,0.6,0.3,0.9,0.0,0.04,0.25,9,9.393854907054045,6.549317752943554,52.96530427991139
0.2,0.6,0.3,0.9,0.0,0.04,0.5,10,9.681780870746115,6.254509084631449,52.94763906863812
0.2,0.6,0.45,0.5,0.5,0.17,0.1,3,5.844020812337591,3.4307014369335906,58.43358453109997
0.2,0.6,0.45,0.5,0.5,0.17,0.25,4,6.093405778557903,3.226467558371924,58.41960764747319
0.2,0.6,0.45,0.5,0.5,0.17,0.5,5,6.244101043588346,3.1005110906769486,58.411175512759904
0.2,0.6,0.45,0.5,0.5,0.08,0.1,4,5.694208782861554,3.7965444996854036,58.44199438569291
0.2,0.6,0.45,0.5,0.5,0.08,0.25,5,5.971864234937607,3.570101829231811,58.42641597164783
0.2,0.6,0.45,0.5,0.5,0.08,0.5,6,6.15201883669938,3.416399404466486,58.41632674192682
0.2,0.6,0.45,0.5,0.5,0.04,0.1,5,5.525439894961615,4.165117177938047,58.45148065055359
0.2,0.6,0.45,0.5,0.5,0.04,0.25,6,5.7981145716802684,3.9590932490298076,58.43616044103411
0.2,0.6,0.45,0.5,0.5,0.04,0.5,7,5.98192431492055,3.8105878124620483,58.42585218781636
0.2,0.6,0.45,0.5,0.25,0.17,0.1,4,7.010749224322876,3.701855495601164,57.324297172083185
0.2,0.6,0.45,0.5,0.25,0.17,0.25,5,7.34520896532076,3.4142851482087386,57.30526807911763
0.2,0.6,0.45,0.5,0.25,0.17,0.5,6,7.543836851153052,3.2381839477859624,57.29399118088075
0.2,0.6,0.45,0.5,0.25,0.08,0.1,5,6.794729874335648,4.213395928141816,57.33661471054785
0.2,0.6,0.45,0.5,0.25,0.08,0.25,6,7.142369726704456,3.912512007172945,57.316802546090706
0.2,0.6,0.45,0.5,0.25,0.08,0.5,7,7.364927841049473,3.708036025385153,57.30414776051611
0.2,0.6,0.45,0.5,0.25,0.04,0.1,6,6.538599380823307,4.7296688642424245,57.3512471106087
0.2,0.6,0.45,0.5,0.25,0.04,0.25,7,6.858670599771299,4.472236464741083,57.33296655288144
0.2,0.6,0.45,0.5,0.25,0.04,0.5,8,7.0699641318992645,4.287185821416974,57.3209244285171
0.2,0.6,0.45,0.5,0.0,0.17,0.1,5,8.17618379265217,4.00448360262424,56.209244765497914
0.2,0.6,0.45,0.5,0.0,0.17,0.25,6,8.594207438377888,3.6291399029346763,56.18511042336885
0.2,0.6,0.45,0.5,0.0,0.17,0.5,7,8.83839297436717,3.400870703727093,56.17104933903521
0.2,0.6,0.45,0.5,0.0,0.08,0.1,6,7.879905737305504,4.670819471064276,56.22639865315777
0.2,0.6,0.45,0.5,0.0,0.08,0.25,7,8.290879375345362,4.297141903615679,56.2026149388622
0.2,0.6,0.45,0.5,0.0,0.08,0.5,8,8.550473815699533,4.044111102711015,56.18763162421908
0.2,0.6,0.45,0.5,0.0,0.04,0.1,7,7.524148367236028,5.337443608705375,56.247049706020825
0.2,0.6,0.45,0.5,0.0,0.04,0.25,8,7.884857726583894,5.031461356664994,56.22611161156406
0.2,0.6,0.45,0.5,0.0,0.04,0.5,9,8.119667336453062,4.812611873754031,56.21251384078738
0.2,0.6,0.45,0.75,0.5,0.17,0.1,4,6.549741012921162,3.5772884788838026,57.7714930134328
0.2,0.6,0.45,0.75,0.5,0.17,0.25,5,6.847323125390714,3.3266320552537136,57.75466461186184
0.2,0.6,0.45,0.75,0.5,0.17,0.5,6,7.0249314286841,3.173032433398279,57.74463991707493
0.2,0.6,0.45,0.75,0.5,0.08,0.1,5,6.3635043588343265,4.025423193301985,57.78204528614522
0.2,0.6,0.45,0.75,0.5,0.08,0.25,6,6.682066616668281,3.7562250356901394,57.76400497377077
0.2,0.6,0.45,0.75,0.5,0.08,0.5,7,6.886995621710357,3.5733979094799064,57.75242415025434
0.2,0.6,0.45,0.75,0.5,0.04,0.1,6,6.145172646234243,4.479782090622291,57.79443626772813
0.2,0.6,0.45,0.75,0.5,0.04,0.25,7,6.4463168509650615,4.24358159926504,57.77735113036555
0.2,0.6,0.45,0.75,0.5,0.04,0.5,8,6.646676897897219,4.0734943029997455,57.766006826540625
0.2,0.6,0.45,0.75,0.25,0.17,0.1,5,8.298680425746618,4.022969428556922,56.10019561330469
0.2,0.6,0.45,0.75,0.25,0.17,0.25,6,8.722059885287269,3.6417323020533425,56.07571937476435
0.2,0.6,0.45,0.75,0.25,0.17,0.5,7,8.968781231839685,3.4102848906567536,56.06149367344509
0.2,0.6,0.45,0.75,0.25,0.08,0.1,6,7.995264287261494,4.7014765418392,56.11778708248273
0.2,0.6,0.45,0.75,0.25,0.08,0.25,7,8.410631493670785,4.322468000638636,56.09371557910414
0.2,0.6,0.45,0.75,0.25,0.08,0.5,8,8.67265970725699,4.06602044182284,56.07857106300958
0.2,0.6,0.45,0.75,0.25,0.04,0.1,7,7.630129974380129,5.381087047412712,56.13901310278422
0.2,0.6,0.45,0.75,0.25,0.04,0.25,8,7.993987875847841,5.071157164761679,56.11786117573304
0.2,0.6,0.45,0.75,0.25,0.04,0.5,9,8.230702914010045,4.849531862721678,56.10413313991658
0.2,0.6,0.45,0.75,0.0,0.17,0.1,6,10.041460066362774,4.539642917494241,54.416312289169824
0.2,0.6,0.45,0.75,0.0,0.17,0.25,7,10.587669381765696,4.020071273563204,54.38405765228733
0.2,0.6,0.45,0.75,0.0,0.17,0.5,8,10.899005171768739,3.7078590594563803,54.36573376752557
0.2,0.6,0.45,0.75,0.0,0.08,0.1,7,9.592345689244297,5.461948637523154,54.442936266138695
0.2,0.6,0.45,0.75,0.0,0.08,0.25,8,10.096376660898088,4.975452093591332,54.41306316878946
0.2,0.6,0.45,0.75,0.0,0.08,0.5,9,10.408780097488002,4.650152133855234,54.39460631756064
0.2,0.6,0.45,0.75,0.0,0.04,0.1,8,9.059571720920356,6.367574015497299,54.474641216794915
0.2,0.6,0.45,0.75,0.0,0.04,0.25,9,9.481904451227784,5.985646553014763,54.44949766400674
0.2,0.6,0.45,0.75,0.0,0.04,0.5,10,9.752719769949426,5.716663278454472,54.43341840351628
0.2,0.6,0.45,0.9,0.5,0.17,0.1,5,6.973233839399984,3.670207742559765,57.37322457320013
0.2,0.6,0.45,0.9,0.5,0.17,0.25,6,7.299510769985296,3.3908940060520054,57.35467522370759
0.2,0.6,0.45,0.9,0.5,0.17,0.5,7,7.492933233907806,3.220288644295729,57.343701670302416
0.2,0.6,0.45,0.9,0.5,0.08,0.1,6,6.762651463477054,4.169616497145483,57.38522227404277
0.2,0.6,0.45,0.9,0.5,0.08,0.25,7,7.1044999761663785,3.8749847309818093,57.36575606711535
0.2,0.6,0.45,0.9,0.5,0.08,0.5,8,7.323316675244929,3.6749400048311816,57.35332371435935
0.2,0.6,0.45,0.9,0.5,0.04,0.1,7,6.512155067027581,4.6762669760415765,57.399520476460395
0.2,0.6,0.45,0.9,0.5,0.04,0.25,8,6.828833033563098,4.422567282421797,57.381449467356916
0.2,0.6,0.45,0.9,0.5,0.04,0.5,9,7.038177805751333,4.240028847859984,57.36952854603415
0.2,0.6,0.45,0.9,0.25,0.17,0.1,6,9.070299701848029,4.233182530297447,55.36246231414218
0.2,0.6,0.45,0.9,0.25,0.17,0.25,7,9.546308871591291,3.7937364635024484,55.334684367857314
0.2,0.6,0.45,0.9,0.25,0.17,0.5,8,9.820842357090376,3.528249339564735,55.318710725189156
0.2,0.6,0.45,0.9,0.25,0.08,0.1,7,8.707007581404191,5.01561896118617,55.383732557055396
0.2,0.6,0.45,0.9,0.25,0.08,0.25,8,9.16096820062764,4.590219811104347,55.357163271229595
0.2,0.6,0.45,0.9,0.25,0.08,0.5,9,9.445061153237688,4.303667989779638,55.340584095380116
0.2,0.6,0.45,0.9,0.25,0.04,0.1,8,8.27093788599238,5.793629051314111,55.4093444339846
0.2,0.6,0.45,0.9,0.25,0.04,0.25,9,8.66008363301891,5.452465888131837,55.38648432976105
0.2,0.6,0.45,0.9,0.25,0.04,0.5,10,8.911621176833528,5.209810131579934,55.37174523781216
0.2,0.6,0.45,0.9,0.0,0.17,0.1,7,11.155397150446444,4.898543721187232,53.33393054640019
0.2,0.6,0.45,0.9,0.0,0.17,0.25,8,11.777657906994188,4.289282762694107,53.2966994832196
0.2,0.6,0.45,0.9,0.0,0.17,0.5,9,12.127770377011293,3.9258484659325825,53.27582960782276
0.2,0.6,0.45,0.9,0.0,0.08,0.1,8,10.601073012140173,5.978799651321976,53.367247593000435
0.2,0.6,0.45,0.9,0.0,0.08,0.25,9,11.160110909338993,5.424860270612428,53.33364784230385
0.2,0.6,0.45,0.9,0.0,0.08,0.5,10,11.503034272737755,5.058323864138356,53.313108788011576
0.2,0.6,0.45,0.9,0.0,0.04,0.1,9,9.953287894371998,7.027027347069308,53.40636385631561
0.2,0.6,0.45,0.9,0.0,0.04,0.25,10,10.413942626770623,6.599269697077989,53.37852717774527
0.2,0.6,0.45,0.9,0.0,0.04,0.5,11,10.706786078993646,6.302129024184351,53.36088279668563
0.2,0.6,0.8,0.5,0.5,0.17,0.1,4,8.201017150324198,3.634120903394764,58.8375984021374
0.2,0.6,0.8,0.5,0.5,0.17,0.25,5,8.517724163485084,3.3707192943213533,58.82040804691924
0.2,0.6,0.8,0.5,0.5,0.17,0.5,6,8.709163756806614,3.207202558132776,58.81003785084682
0.2,0.6,0.8,0.5,0.5,0.08,0.1,5,8.006278776424569,4.094839957477304,58.84818991730461
0.2,0.6,0.8,0.5,0.5,0.08,0.25,6,8.339497309107013,3.8173466725111944,58.830076619378545
0.2,0.6,0.8,0.5,0.5,0.08,0.5,7,8.555016619892818,3.6280108076192445,58.81838670231906
0.2,0.6,0.8,0.5,0.5,0.04,0.1,6,7.78317099287853,4.551972200765806,58.86034453833584
0.2,0.6,0.8,0.5,0.5,0.04,0.25,7,8.094842485750164,4.311275188652106,58.84337104823176
0.2,0.6,0.8,0.5,0.5,0.04,0.5,8,8.30215888131869,4.1385293419205365,58.832103907079805
0.2,0.6,0.8,0.5,0.25,0.17,0.1,5,9.42110168517587,3.926397161562946,57.72581392558529
0.2,0.6,0.8,0.5,0.25,0.17,0.25,6,9.823966673238992,3.576457208233029,57.70361400609083
0.2,0.6,0.8,0.5,0.25,0.17,0.5,7,10.06240550230595,3.36158974715164,57.69050766906631
0.2,0.6,0.8,0.5,0.25,0.08,0.1,6,9.15080359766498,4.537833458776856,57.74074803552535
0.2,0.6,0.8,0.5,0.25,0.08,0.25,7,9.55062491272669,4.187372344377863,57.718668903511315
0.2,0.6,0.8,0.5,0.25,0.08,0.5,8,9.804939305149517,3.949288030158604,57.704660939513495
0.2,0.6,0.8,0.5,0.25,0.04,0.1,7,8.831491056858386,5.144073444542709,57.758431116984546
0.2,0.6,0.8,0.5,0.25,0.04,0.25,8,9.18584860671039,4.855021753241869,57.738809993223114
0.2,0.6,0.8,0.5,0.25,0.04,0.5,9,9.417265328230307,4.648426794961185,57.726025664979886
0.2,0.6,0.8,0.5,0.0,0.17,0.1,6,10.641277260273707,4.249867958912275,56.6080867897327
0.2,0.6,0.8,0.5,0.0,0.17,0.25,7,11.128788218260377,3.8096975488224367,56.580824689865985
0.2,0.6,0.8,0.5,0.0,0.17,0.5,8,11.41204952262036,3.5419543972141816,56.56503148513246
0.2,0.6,0.8,0.5,0.0,0.08,0.1,7,10.281678152099595,5.019258212356767,56.62826199291585
0.2,0.6,0.8,0.5,0.0,0.08,0.25,8,10.743131888443337,4.597129424839874,56.60238248044269
0.2,0.6,0.8,0.5,0.0,0.08,0.5,9,11.032581961243594,4.312245599646562,56.58619650995958
0.2,0.6,0.8,0.5,0.0,0.04,0.1,8,9.855156002315702,5.776049823770411,56.65226512940791
0.2,0.6,0.8,0.5,0.0,0.04,0.25,9,10.248738833784742,5.439718853029576,56.63011286167941
0.2,0.6,0.8,0.5,0.0,0.04,0.5,10,10.502887932296744,5.2007852786567765,56.615844420448546
0.2,0.6,0.8,0.75,0.5,0.17,0.1,5,8.65295443148928,3.6845355267110818,58.45756729031096
0.2,0.6,0.8,0.75,0.5,0.17,0.25,6,8.988139902902748,3.403050211448725,58.439283591328326
0.2,0.6,0.8,0.75,0.5,0.17,0.5,7,9.188181956703122,3.2300580292603494,58.428394649494166
0.2,0.6,0.8,0.75,0.5,0.08,0.1,6,8.439593887195528,4.182342065587255,58.469230880192
0.2,0.6,0.8,0.75,0.5,0.08,0.25,7,8.789113911637392,3.8871945212446057,58.45013423949066
0.2,0.6,0.8,0.75,0.5,0.08,0.5,8,9.01347118894369,3.6864778614156672,58.437903779931965
0.2,0.6,0.8,0.75,0.5,0.04,0.1,7,8.188913700233913,4.6825611218268115,58.48295974831389
0.2,0.6,0.8,0.75,0.5,0.04,0.25,8,8.512061492466593,4.429036008649668,58.465267154319775
0.2,0.6,0.8,0.75,0.5,0.04,0.5,9,8.725773794257275,4.246969403221548,58.453591032721306
0.2,0.6,0.8,0.75,0.25,0.17,0.1,6,10.485111618465348,4.14674695134119,56.784462773807675
0.2,0.6,0.8,0.75,0.25,0.17,0.25,7,10.948614451452809,3.7323326850997067,56.75860977038969
0.2,0.6,0.8,0.75,0.25,0.17,0.5,8,11.218069648681128,3.480691925731969,56.74362277069643
0.2,0.6,0.8,0.75,0.25,0.08,0.1,7,10.146133399689571,4.8781180983332195,56.80342903263891
0.2,0.6,0.8,0.75,0.25,0.08,0.25,8,10.59212710534576,4.473833989682677,56.77848548089626
0.2,0.6,0.8,0.75,0.25,0.08,0.5,9,10.872514712903003,4.200766223411583,56.76284805960894
0.2,0.6,0.8,0.75,0.25,0.04,0.1,8,9.740744427898495,5.604404233040003,56.82617686192864
0.2,0.6,0.8,0.75,0.25,0.04,0.25,9,10.125752979783043,5.27830616682929,56.80457093651206
0.2,0.6,0.8,0.75,0.25,0.04,0.5,10,10.375203687886136,5.0459778410677725,56.790606790355056
0.2,0.6,0.8,0.75,0.0,0.17,0.1,7,12.314801433706958,4.679782010168027,55.09828287194849
0.2,0.6,0.8,0.75,0.0,0.17,0.25,8,12.903919312515155,4.125309207697665,55.064712518862294
0.2,0.6,0.8,0.75,0.0,0.17,0.5,9,13.238645026132323,3.792528023337735,55.045705307856295
0.2,0.6,0.8,0.75,0.0,0.08,0.1,8,11.821647209278607,5.656668950175168,55.12650107646244
0.2,0.6,0.8,0.75,0.0,0.08,0.25,9,12.35763656339861,5.145079277011599,55.09583686871126
0.2,0.6,0.8,0.75,0.0,0.08,0.5,10,12.688736694235402,4.804081267276502,55.076957064218355
0.2,0.6,0.8,0.75,0.0,0.04,0.1,9,11.241237270476546,6.609174062352338,55.159849013488326
0.2,0.6,0.8,0.75,0.0,0.04,0.25,10,11.686098902358722,6.211177216871584,55.13427581577276
0.2,0.6,0.8,0.75,0.0,0.04,0.5,11,11.970439277304168,5.932154415700499,55.11797600047481
0.2,0.6,0.8,0.9,0.5,0.17,0.1,6,8.92454848489701,3.7157387650289633,58.229181352363646
0.2,0.6,0.8,0.9,0.5,0.17,0.25,7,9.270810969858513,3.423226190560215,58.2102377006963
0.2,0.6,0.8,0.9,0.5,0.17,0.5,8,9.476043963201564,3.2444147123847475,58.199033895311445
0.2,0.6,0.8,0.9,0.5,0.08,0.1,7,8.699246273698957,4.236374405576895,58.24153513464905
0.2,0.6,0.8,0.9,0.5,0.08,0.25,8,9.058426589741275,3.9305382712725483,58.22185091170814
0.2,0.6,0.8,0.9,0.5,0.08,0.5,9,9.288097678282359,3.7228888064206678,58.20929331248259
0.2,0.6,0.8,0.9,0.5,0.04,0.1,8,8.431237736948605,4.762761198561788,58.256259207257536
0.2,0.6,0.8,0.9,0.5,0.04,0.25,9,8.761221564607101,4.501368016796852,58.23813471568202
0.2,0.6,0.8,0.9,0.5,0.04,0.5,10,8.978869613816599,4.313575430735417,58.22620609072898
0.2,0.6,0.8,0.9,0.25,0.17,0.1,7,11.124130580879887,4.287753376601016,56.217597607805615
0.2,0.6,0.8,0.9,0.25,0.17,0.25,8,11.623832297311765,3.83362395111271,56.1895259176034
0.2,0.6,0.8,0.9,0.25,0.17,0.5,9,11.911673040696623,3.559399203673568,56.17340477594256
0.2,0.6,0.8,0.9,0.25,0.08,0.1,8,10.73961036576665,5.093328016165852,56.23927251769416
0.2,0.6,0.8,0.9,0.25,0.08,0.25,9,11.212884279328561,4.656597812487668,56.21260380921471
0.2,0.6,0.8,0.9,0.25,0.08,0.5,10,11.508632380215932,4.362793005436671,56.195987923053224
0.2,0.6,0.8,0.9,0.25,0.04,0.1,9,10.279332158545884,5.892038891030679,56.26530279739082
0.2,0.6,0.8,0.9,0.25,0.04,0.25,10,10.683034230033783,5.543277795701993,56.24246708390067
0.2,0.6,0.8,0.9,0.25,0.04,0.5,11,10.943594730847916,5.29570295811325,56.22776616212175
0.2,0.6,0.8,0.9,0.0,0.17,0.1,8,13.31772948219021,4.962312678070771,54.18745021975353
0.2,0.6,0.8,0.9,0.0,0.17,0.25,9,13.967744052348241,4.33713433997518,54.15000068192146
0.2,0.6,0.8,0.9,0.0,0.17,0.5,10,14.332920523344228,3.964612292501488,54.12904187706702
0.2,0.6,0.8,0.9,0.0,0.08,0.1,9,12.734909309868625,6.066983864757842,54.221185352642195
0.2,0.6,0.8,0.9,0.0,0.08,0.25,10,13.316147915132582,5.501312255300376,54.18754156348772
0.2,0.6,0.8,0.9,0.0,0.08,0.5,11,13.672184765807295,5.127684129850321,54.16700609363269
0.2,0.6,0.8,0.9,0.0,0.04,0.1,10,12.055785863686186,7.1367082621292095,54.260683869599426
0.2,0.6,0.8,0.9,0.0,0.04,0.25,11,12.533286154325873,6.701041814350847,54.232890627433086
0.2,0.6,0.8,0.9,0.0,0.04,0.5,12,12.836452701186452,6.399091553535443,54.21529702239594
0.3,0.2,0.3,0.5,0.5,0.17,0.1,1,2.37479200154449,3.009768053848518,59.12027957218594
0.3,0.2,0.3,0.5,0.5,0.17,0.25,2,2.4648183730936024,2.94274292652917,59.11514596098697
0.3,0.2,0.3,0.5,0.5,0.17,0.5,3,2.5195693268110997,2.9017700813274,59.11202576486502
0.3,0.2,0.3,0.5,0.5,0.08,0.1,2,2.3127054528888857,3.145761583540326,59.12382221420476
0.3,0.2,0.3,0.5,0.5,0.08,0.25,3,2.438466673741546,3.056510551171477,59.116648224559086
0.3,0.2,0.3,0.5,0.5,0.08,0.5,4,2.518297340841791,2.998860435610477,59.11209823772617
0.3,0.2,0.3,0.5,0.5,0.04,0.1,3,2.2616967913228203,3.272578373972924,59.126734134020545
0.3,0.2,0.3,0.5,0.5,0.04,0.25,4,2.4077493546651008,3.177962763836933,59.11839978251759
0.3,0.2,0.3,0.5,0.5,0.04,0.5,5,2.506616577053866,3.111817674218246,59.112763798701586
0.3,0.2,0.3,0.5,0.25,0.17,0.1,2,2.9497207363770483,3.0966703779088545,58.56953826226695
0.3,0.2,0.3,0.5,0.25,0.17,0.25,3,3.075478125725928,3.000613668202556,58.56231218127416
0.3,0.2,0.3,0.5,0.25,0.17,0.5,4,3.152052965731311,2.9416136433846507,58.557915854328144
0.3,0.2,0.3,0.5,0.25,0.08,0.1,3,2.8741236833940365,3.2803982511905554,58.573885747759256
0.3,0.2,0.3,0.5,0.25,0.08,0.25,4,3.038029532458153,3.1592135514073534,58.56446320527543
0.3,0.2,0.3,0.5,0.25,0.08,0.5,5,3.143218485015753,3.079435157111204,58.55842291816785
0.3,0.2,0.3,0.5,0.25,0.04,0.1,4,2.8019388675038837,3.4621161270051077,58.578039556551765
0.3,0.2,0.3,0.5,0.25,0.04,0.25,5,2.984776874458883,3.3379195028782718,58.5675231592139
0.3,0.2,0.3,0.5,0.25,0.04,0.5,6,3.109255163015634,3.2494745175203024,58.560372623656
0.3,0.2,0.3,0.5,0.0,0.17,0.1,3,3.5250809643499137,3.189513697241349,58.01729205093296
0.3,0.2,0.3,0.5,0.0,0.17,0.25,4,3.6864237115513676,3.0632022218443886,58.0079512012455
0.3,0.2,0.3,0.5,0.0,0.17,0.5,5,3.784601382279007,2.9853824649509515,58.00227335427364
0.3,0.2,0.3,0.5,0.0,0.08,0.1,4,3.43251779606335,3.4250079709166847,58.022656578959385
0.3,0.2,0.3,0.5,0.0,0.08,0.25,5,3.6323269179270534,3.271770753890313,58.01108171620088
0.3,0.2,0.3,0.5,0.0,0.08,0.5,6,3.7612253107722315,3.169584951449282,58.003624830075
0.3,0.2,0.3,0.5,0.0,0.04,0.1,5,3.334056245631789,3.6654093554952936,58.02836746814586
0.3,0.2,0.3,0.5,0.0,0.04,0.25,6,3.5485590062895422,3.5136325628543816,58.01593202717184
0.3,0.2,0.3,0.5,0.0,0.04,0.5,7,3.694331969323361,3.404498519921828,58.00749367738211
0.3,0.2,0.3,0.75,0.5,0.17,0.1,2,2.7870890217328137,3.0746391001582376,58.72325659740745
0.3,0.2,0.3,0.75,0.5,0.17,0.25,3,2.9037559392638412,2.986058238618438,58.71656691685706
0.3,0.2,0.3,0.75,0.5,0.17,0.5,4,2.9749191290671106,2.9316054781647525,58.71248961123747
0.3,0.2,0.3,0.75,0.5,0.08,0.1,3,2.7151662836312207,3.2457489273788047,58.72738389045169
0.3,0.2,0.3,0.75,0.5,0.08,0.25,4,2.8694207930077376,3.1327965310836126,58.71853501862958
0.3,0.2,0.3,0.75,0.5,0.08,0.5,5,2.968313663035782,3.058671895306863,58.71286797070017
0.3,0.2,0.3,0.75,0.5,0.04,0.1,4,2.6490022864185114,3.4126357716350557,58.73118290575936
0.3,0.2,0.3,0.75,0.5,0.04,0.25,5,2.822697989621048,3.2959344493847658,58.721214089561435
0.3,0.2,0.3,0.75,0.5,0.04,0.5,6,2.9409822954685305,3.213094516445194,58.714433725848394
0.3,0.2,0.3,0.75,0.25,0.17,0.1,3,3.6500226159203786,3.213833741230833,57.894959067163356
0.3,0.2,0.3,0.75,0.25,0.17,0.25,4,3.8200757817557607,3.0798827453225144,57.88509749381543
0.3,0.2,0.3,0.75,0.25,0.17,0.5,5,3.92361869875244,2.997228099620249,57.879099703765505
0.3,0.2,0.3,0.75,0.25,0.08,0.1,4,3.5527680416868934,3.462457555476703,57.900605203979794
0.3,0.2,0.3,0.75,0.25,0.08,0.25,5,3.7609242632052897,3.3014537972143403,57.88852618512288
0.3,0.2,0.3,0.75,0.25,0.08,0.5,6,3.8953863758935725,3.193762986409046,57.88073457113503
0.3,0.2,0.3,0.75,0.25,0.04,0.1,5,3.4474174504818045,3.717170140554995,57.90672648775127
0.3,0.2,0.3,0.75,0.25,0.04,0.25,6,3.6688015169243693,3.559063029502666,57.89386937681061
0.3,0.2,0.3,0.75,0.25,0.04,0.5,7,3.819133622768467,3.445199426815584,57.885152092514815
0.3,0.2,0.3,0.75,0.0,0.17,0.1,4,4.513541433145352,3.3668279831134127,57.06332375899841
0.3,0.2,0.3,0.75,0.0,0.17,0.25,5,4.736618041477203,3.184905494157206,57.05024354284197
0.3,0.2,0.3,0.75,0.0,0.17,0.5,6,4.8718502180056245,3.0724788102930614,57.04232575313011
0.3,0.2,0.3,0.75,0.0,0.08,0.1,5,4.383366428679847,3.701004173548464,57.07096770064091
0.3,0.2,0.3,0.75,0.0,0.08,0.25,6,4.640833018536328,3.492165405162599,57.055857020625886
0.3,0.2,0.3,0.75,0.0,0.08,0.5,7,4.807122091749161,3.35102138601115,57.04611446635156
0.3,0.2,0.3,0.75,0.0,0.04,0.1,6,4.228972128997355,4.04971515053629,57.0800444112143
0.3,0.2,0.3,0.75,0.0,0.04,0.25,7,4.489063486372813,3.854045489439827,57.064760493103336
0.3,0.2,0.3,0.75,0.0,0.04,0.5,8,4.6638201664714,3.7125999674618706,57.05450945812003
0.3,0.2,0.3,0.9,0.5,0.17,0.1,3,3.0345468876535664,3.115114676196439,58.48466835676067
0.3,0.2,0.3,0.9,0.5,0.17,0.25,4,3.167168254021724,3.0132667745511172,58.47703875876351
0.3,0.2,0.3,0.9,0.5,0.17,0.5,5,3.2481178624910845,2.950515200387183,58.472385925135995
0.3,0.2,0.3,0.9,0.5,0.08,0.1,4,2.955838194488014,3.308364735463255,58.4892003842425
0.3,0.2,0.3,0.9,0.5,0.08,0.25,5,3.126583051433407,3.181149016107676,58.47937269893176
0.3,0.2,0.3,0.9,0.5,0.08,0.5,6,3.2364900941230346,3.0970403938239013,58.473054075378684
0.3,0.2,0.3,0.9,0.5,0.04,0.1,5,2.8792106025640196,3.500347395716038,58.493615436307
0.3,0.2,0.3,0.9,0.5,0.04,0.25,6,3.068112306239268,3.37092338877453,58.48273657061394
0.3,0.2,0.3,0.9,0.5,0.04,0.5,7,3.196870738194324,3.2784856666691975,58.47533115162993
0.3,0.2,0.3,0.9,0.25,0.17,0.1,4,4.070344397074899,3.288644224563807,57.48915207932686
0.3,0.2,0.3,0.9,0.25,0.17,0.25,5,4.266860731782884,3.13108970000474,57.47769372634822
0.3,0.2,0.3,0.9,0.25,0.17,0.5,6,4.386347030939874,3.033726011824557,57.470735839084156
0.3,0.2,0.3,0.9,0.25,0.08,0.1,5,3.9576482530893964,3.578845656466246,57.4957314663472
0.3,0.2,0.3,0.9,0.25,0.08,0.25,6,4.190817327430585,3.394022998062297,57.48212542079507
0.3,0.2,0.3,0.9,0.25,0.08,0.5,7,4.341590475734303,3.269614510197764,57.47334128821667
0.3,0.2,0.3,0.9,0.25,0.04,0.1,6,3.829199352610413,3.8793958744102235,57.5032379845493
0.3,0.2,0.3,0.9,0.25,0.04,0.25,7,4.070682669313941,3.702258273991247,57.48913233963013
0.3,0.2,0.3,0.9,0.25,0.04,0.5,8,4.2338792014640525,3.5743491682632076,57.479615499662515
0.3,0.2,0.3,0.9,0.0,0.17,0.1,5,5.1065416193176505,3.4824523818099236,56.48887778902597
0.3,0.2,0.3,0.9,0.0,0.17,0.25,6,5.366512930202694,3.2655158624430607,56.473519670451246
0.3,0.2,0.3,0.9,0.0,0.17,0.5,7,5.52342083565267,3.131462157384255,56.464265857375594
0.3,0.2,0.3,0.9,0.0,0.08,0.1,6,4.949193582658906,3.880217749991098,56.49818913861877
0.3,0.2,0.3,0.9,0.0,0.08,0.25,7,5.238736363142915,3.6383222653924663,56.48106416140841
0.3,0.2,0.3,0.9,0.0,0.08,0.5,8,5.425182262015182,3.4742540629778476,56.470058201575426
0.3,0.2,0.3,0.9,0.0,0.04,0.1,7,4.755838280492686,4.296603940552994,56.509647682840736
0.3,0.2,0.3,0.9,0.0,0.04,0.25,8,5.0392311677436075,4.0764299206494385,56.492859541226835
0.3,0.2,0.3,0.9,0.0,0.04,0.5,9,5.228091337886975,3.917344281340543,56.481693044801396
0.3,0.2,0.45,0.5,0.5,0.17,0.1,2,2.9173891978125255,3.0466044177872273,59.21813171836382
0.3,0.2,0.45,0.5,0.5,0.17,0.25,3,3.0217972424597894,2.968220974105398,59.212223921759986
0.3,0.2,0.45,0.5,0.5,0.17,0.5,4,3.0861281936130247,2.9196125510057405,59.20858639127413
0.3,0.2,0.45,0.5,0.5,0.08,0.1,3,2.8493999787791324,3.200416727227885,59.22198156439793
0.3,0.2,0.45,0.5,0.5,0.08,0.25,4,2.9899799276240424,3.0991998206192166,59.21402372023861
0.3,0.2,0.45,0.5,0.5,0.08,0.5,5,3.0804262943270544,3.032779493402607,59.20890872097513
0.3,0.2,0.45,0.5,0.5,0.04,0.1,4,2.7907884009720885,3.345747300014383,59.22530215872538
0.3,0.2,0.45,0.5,0.5,0.04,0.25,5,2.950849074853279,3.2401491091265084,59.21623787457706
0.3,0.2,0.45,0.5,0.5,0.04,0.5,6,3.060191594014916,3.1654398687483924,59.21005271668177
0.3,0.2,0.45,0.5,0.25,0.17,0.1,3,3.498437767174467,3.135711798961664,58.66710515797657
0.3,0.2,0.45,0.5,0.25,0.17,0.25,4,3.6387677200804935,3.0277806604890998,58.65910382867645
0.3,0.2,0.45,0.5,0.25,0.17,0.5,5,3.7248944563776254,2.960873049635655,58.65419765438497
0.3,0.2,0.45,0.5,0.25,0.08,0.1,4,3.4158316467226335,3.3386039689953213,58.671819540491384
0.3,0.2,0.45,0.5,0.25,0.08,0.25,5,3.5940371804042526,3.2053557116965337,58.66165326453895
0.3,0.2,0.45,0.5,0.25,0.08,0.5,6,3.709309302846675,3.1167472110447703,58.65508519745055
0.3,0.2,0.45,0.5,0.25,0.04,0.1,5,3.3344932603723176,3.5400008814703248,58.67646472754473
0.3,0.2,0.45,0.5,0.25,0.04,0.25,6,3.5298410194425367,3.4055403194970175,58.66531380095772
0.3,0.2,0.45,0.5,0.25,0.04,0.5,7,3.6633092593226335,3.3092025247937737,58.65770547401623
0.3,0.2,0.45,0.5,0.0,0.17,0.1,4,4.08000158197015,3.2307948313581294,58.114563176685394
0.3,0.2,0.45,0.5,0.0,0.17,0.25,5,4.2560932532178075,3.0921221898884745,58.104446873306316
0.3,0.2,0.45,0.5,0.0,0.17,0.5,6,4.363767477320946,3.006153998840383,58.09826830226608
0.3,0.2,0.45,0.5,0.0,0.08,0.1,5,3.979338778526653,3.486648179069947,58.120352753573066
0.3,0.2,0.45,0.5,0.0,0.08,0.25,6,4.192933971847346,3.321344158798535,58.10807362987516
0.3,0.2,0.45,0.5,0.0,0.08,0.5,7,4.331343664375553,3.2103826186879707,58.10012827296023
0.3,0.2,0.45,0.5,0.0,0.04,0.1,6,3.87034285860004,3.747590199253036,58.126627025739296
0.3,0.2,0.45,0.5,0.0,0.04,0.25,7,4.09603886757417,3.5862609065697626,58.11364124253
0.3,0.2,0.45,0.5,0.0,0.04,0.5,8,4.2494802646189545,3.4699401986558804,58.10482651860149
0.3,0.2,0.45,0.75,0.5,0.17,0.1,3,3.2688159723544885,3.0938607775606295,58.889073112805136
0.3,0.2,0.45,0.75,0.5,0.17,0.25,4,3.3930707995573295,2.9993906528015004,58.88201027131845
0.3,0.2,0.45,0.75,0.5,0.17,0.5,5,3.4692234341829664,2.9410037568399257,58.87768522975967
0.3,0.2,0.45,0.75,0.5,0.08,0.1,4,3.193358199091456,3.2743960979414544,58.893365808048785
0.3,0.2,0.45,0.75,0.5,0.08,0.25,5,3.3552911683598863,3.1553576472219422,58.88415695539118
0.3,0.2,0.45,0.75,0.5,0.08,0.5,6,3.459611112005967,3.0767751879795613,58.87823100513213
0.3,0.2,0.45,0.75,0.5,0.04,0.1,5,3.1226558630059076,3.4510254535795566,58.897390414831484
0.3,0.2,0.45,0.75,0.5,0.04,0.25,6,3.3033590109072364,3.3289763072525345,58.88710890099457
0.3,0.2,0.45,0.75,0.5,0.04,0.5,7,3.426732163661095,3.2420073579729882,58.88009815845913
0.3,0.2,0.45,0.75,0.25,0.17,0.1,4,4.141195498311778,3.234784366299495,58.06059590302295
0.3,0.2,0.45,0.75,0.25,0.17,0.25,5,4.319129387513532,3.09455313582591,58.05036668263375
0.3,0.2,0.45,0.75,0.25,0.17,0.5,6,4.427716516609914,3.0077692302463332,58.04413147576922
0.3,0.2,0.45,0.75,0.25,0.08,0.1,5,4.039504693686813,3.4937735106633347,58.066448722900674
0.3,0.2,0.45,0.75,0.25,0.08,0.25,6,4.255126879065663,3.3266379412351563,58.054044391885796
0.3,0.2,0.45,0.75,0.25,0.08,0.5,7,4.394683293605284,3.214511594916308,58.046027695789945
0.3,0.2,0.45,0.75,0.25,0.04,0.1,6,3.9284447524128074,3.7589394439162906,58.0728463885388
0.3,0.2,0.45,0.75,0.25,0.04,0.25,7,4.155977108509612,3.5959915051003426,58.05974555445433
0.3,0.2,0.45,0.75,0.25,0.04,0.5,8,4.3104901986283695,3.478508040632849,58.05086299438567
0.3,0.2,0.45,0.75,0.0,0.17,0.1,5,5.014390624263676,3.389535318050548,57.22875167961363
0.3,0.2,0.45,0.75,0.0,0.17,0.25,6,5.245614356940975,3.2009876892112503,57.215310789713925
0.3,0.2,0.45,0.75,0.0,0.17,0.5,7,5.385928359897618,3.0842680509121756,57.20716676021681
0.3,0.2,0.45,0.75,0.0,0.08,0.1,6,4.878851350582147,3.7348688407400896,57.23664228958366
0.3,0.2,0.45,0.75,0.0,0.08,0.25,7,5.143595296741821,3.519925624446849,57.22123797008267
0.3,0.2,0.45,0.75,0.0,0.08,0.5,8,5.314666811057389,3.374447692676077,57.211301722240535
0.3,0.2,0.45,0.75,0.0,0.04,0.1,7,4.717673839363501,4.094493394000834,57.24603685073008
0.3,0.2,0.45,0.75,0.0,0.04,0.25,8,4.983328402323939,3.894379970025519,57.23055923930649
0.3,0.2,0.45,0.75,0.0,0.04,0.5,9,5.161645557135097,3.749734217592938,57.22018891360483
0.3,0.2,0.45,0.9,0.5,0.17,0.1,4,3.479824510442331,3.123103826123417,58.69137307034185
0.3,0.2,0.45,0.9,0.5,0.17,0.25,5,3.61596241882578,3.0188019546817246,58.68361379125828
0.3,0.2,0.45,0.9,0.5,0.17,0.5,6,3.6991922749993744,2.954419668086559,58.678874348204054
0.3,0.2,0.45,0.9,0.5,0.08,0.1,5,3.399322449033293,3.3203174652490577,58.69596546158263
0.3,0.2,0.45,0.9,0.5,0.08,0.25,6,3.5736976107154206,3.1905692949153734,58.68602176894289
0.3,0.2,0.45,0.9,0.5,0.08,0.5,7,3.686116906159209,3.104618590742479,58.679618696414906
0.3,0.2,0.45,0.9,0.5,0.04,0.1,6,3.3204624674610272,3.5163932693207944,58.70046714977979
0.3,0.2,0.45,0.9,0.5,0.04,0.25,7,3.5127131257915334,3.384771962858709,58.689497758581545
0.3,0.2,0.45,0.9,0.5,0.04,0.5,8,3.643843809060421,3.2906598771707727,58.68202574931076
0.3,0.2,0.45,0.9,0.25,0.17,0.1,5,4.527172481575947,3.2975442864921036,57.69581643552072
0.3,0.2,0.45,0.9,0.25,0.17,0.25,6,4.727570076507548,3.1373228036903495,57.68423954252503
0.3,0.2,0.45,0.9,0.25,0.17,0.5,7,4.849496116720631,3.03822216457862,57.67720520889653
0.3,0.2,0.45,0.9,0.25,0.08,0.1,6,4.412113064630652,3.592184733385372,57.702471974265144
0.3,0.2,0.45,0.9,0.25,0.08,0.25,7,4.649040032773999,3.4047816438563028,57.688773928983416
0.3,0.2,0.45,0.9,0.25,0.08,0.5,8,4.802313561887939,3.2785331324431004,57.6799265010965
0.3,0.2,0.45,0.9,0.25,0.04,0.1,7,4.280688622346895,3.897187593523701,57.71008183313816
0.3,0.2,0.45,0.9,0.25,0.04,0.25,8,4.525349750688434,3.718041738111064,57.69592182126721
0.3,0.2,0.45,0.9,0.25,0.04,0.5,9,4.69065656389942,3.5886675251877955,57.68637059463848
0.3,0.2,0.45,0.9,0.0,0.17,0.1,6,5.575265893767778,3.4922892040651887,56.6954560847035
0.3,0.2,0.45,0.9,0.0,0.17,0.25,7,5.839478059978287,3.2724958380505953,56.67999069993619
0.3,0.2,0.45,0.9,0.0,0.17,0.5,8,5.998979422069861,3.136615544340576,56.67067046447348
0.3,0.2,0.45,0.9,0.0,0.08,0.1,7,5.4149286316401035,3.894893782303846,56.70485744187377
0.3,0.2,0.45,0.9,0.0,0.08,0.25,8,5.708371104946641,3.6503987502163944,56.68766076802404
0.3,0.2,0.45,0.9,0.0,0.08,0.5,9,5.897318253846295,3.4845272649762213,56.67660949995357
0.3,0.2,0.45,0.9,0.0,0.04,0.1,8,5.217854949818634,4.315974946682127,56.716429640323355
0.3,0.2,0.45,0.9,0.0,0.04,0.25,9,5.504380765705719,4.0939133849350835,56.69961091582258
0.3,0.2,0.45,0.9,0.0,0.04,0.5,10,5.69523634926985,3.9335066438269033,56.68842963170451
0.3,0.2,0.8,0.5,0.5,0.17,0.1,3,4.048508841658394,3.121909502434635,59.420015584553255
0.3,0.2,0.8,0.5,0.5,0.17,0.25,4,4.182338574808919,3.02008669588567,59.41256326769888
0.3,0.2,0.8,0.5,0.5,0.17,0.5,5,4.265813951005004,2.956015708703781,59.40791909047978
0.3,0.2,0.8,0.5,0.5,0.08,0.1,4,3.96749663302729,3.312983418990148,59.42453074732711
0.3,0.2,0.8,0.5,0.5,0.08,0.25,5,4.13781001341802,3.187438996909918,59.41504193200732
0.3,0.2,0.8,0.5,0.5,0.08,0.5,6,4.249077871705653,3.1034104542471246,59.4088499517053
0.3,0.2,0.8,0.5,0.5,0.04,0.1,5,3.8918432799172953,3.497186733312787,59.428749961612326
0.3,0.2,0.8,0.5,0.5,0.04,0.25,6,4.079105756441215,3.3700568108956572,59.418311069324695
0.3,0.2,0.8,0.5,0.5,0.04,0.5,7,4.208149644798587,3.2788297751074795,59.411126920659484
0.3,0.2,0.8,0.5,0.25,0.17,0.1,4,4.642451521836244,3.215449513219801,58.868396937246324
0.3,0.2,0.8,0.5,0.25,0.17,0.25,5,4.812588580775379,3.083068653865719,58.85884995335242
0.3,0.2,0.8,0.5,0.25,0.17,0.5,6,4.917761266512843,3.0001978564462566,58.85295498856511
0.3,0.2,0.8,0.5,0.25,0.08,0.1,5,4.544557586219389,3.458173220912744,58.87389613918344
0.3,0.2,0.8,0.5,0.25,0.08,0.25,6,4.751389589393495,3.3005286643956633,58.86228251154157
0.3,0.2,0.8,0.5,0.25,0.08,0.5,7,4.886392418040475,3.194282893721529,58.85471269291973
0.3,0.2,0.8,0.5,0.25,0.04,0.1,6,4.443098521251754,3.700542107125502,58.87960027238361
0.3,0.2,0.8,0.5,0.25,0.04,0.25,7,4.662697387321768,3.5460297206632725,58.86726017398425
0.3,0.2,0.8,0.5,0.25,0.04,0.5,8,4.812984054956848,3.434564426644643,58.85882777739538
0.3,0.2,0.8,0.5,0.0,0.17,0.1,5,5.23709347467165,3.3150241989085725,58.3152406240226
0.3,0.2,0.8,0.5,0.0,0.17,0.25,6,5.4433135638371155,3.150976904440391,58.30358120407971
0.3,0.2,0.8,0.5,0.0,0.17,0.5,7,5.569917550383785,3.0485875075533255,58.29643285616094
0.3,0.2,0.8,0.5,0.0,0.08,0.1,6,5.118880277553184,3.6130011723738664,58.321933080391
0.3,0.2,0.8,0.5,0.0,0.08,0.25,7,5.360085400903802,3.423357111234862,58.30828446355406
0.3,0.2,0.8,0.5,0.0,0.08,0.5,8,5.517077997350439,3.2949424087682697,58.29941540315576
0.3,0.2,0.8,0.5,0.0,0.04,0.1,7,4.986993243948978,3.9164697307409915,58.329407277434385
0.3,0.2,0.8,0.5,0.0,0.04,0.25,8,5.234463353036034,3.736442355514808,58.31538945416624
0.3,0.2,0.8,0.5,0.0,0.04,0.5,9,5.402318864621125,3.606314108872507,58.30589743443745
0.3,0.2,0.8,0.75,0.5,0.17,0.1,4,4.268998108451805,3.1325353298133156,59.231266122392526
0.3,0.2,0.8,0.75,0.5,0.17,0.25,5,4.408783967991448,3.0260695688362245,59.22346265115015
0.3,0.2,0.8,0.75,0.5,0.17,0.5,6,4.494958667669868,2.959799129544579,59.21865645517968
0.3,0.2,0.8,0.75,0.5,0.08,0.1,5,4.186042928718492,3.332422564442555,59.23590129188838
0.3,0.2,0.8,0.75,0.5,0.08,0.25,6,4.363582079915407,3.2010530003823154,59.225985042310555
0.3,0.2,0.8,0.75,0.5,0.08,0.5,7,4.4787597529328815,3.1135321611643296,59.2195596530942
0.3,0.2,0.8,0.75,0.5,0.04,0.1,6,4.105602964764499,3.5292150932643986,59.24039894418066
0.3,0.2,0.8,0.75,0.5,0.04,0.25,7,4.300358760109857,3.396502297794932,59.229514650838254
0.3,0.2,0.8,0.75,0.5,0.04,0.5,8,4.433743699719828,3.3013913937937276,59.22207022975206
0.3,0.2,0.8,0.75,0.25,0.17,0.1,5,5.161108924326818,3.276933706179915,58.402430358192234
0.3,0.2,0.8,0.75,0.25,0.17,0.25,6,5.355156659633575,3.1239423754949356,58.39147364869082
0.3,0.2,0.8,0.75,0.25,0.17,0.5,7,5.473890768128431,3.0288843992566097,58.38477797428921
0.3,0.2,0.8,0.75,0.25,0.08,0.1,6,5.050040858432325,3.5571472931568726,58.40870950496586
0.3,0.2,0.8,0.75,0.25,0.08,0.25,7,5.280823779787536,3.3776237665596316,58.39566873416915
0.3,0.2,0.8,0.75,0.25,0.08,0.5,8,5.430596542301247,3.2566091286560703,58.38721868102537
0.3,0.2,0.8,0.75,0.25,0.04,0.1,7,4.926834118071821,3.8438621934805353,58.41568156306805
0.3,0.2,0.8,0.75,0.25,0.04,0.25,8,5.1667320885391055,3.67124504969498,58.40211260818069
0.3,0.2,0.8,0.75,0.25,0.04,0.5,9,5.329507282675516,3.546606847392216,58.39292092227648
0.3,0.2,0.8,0.75,0.0,0.17,0.1,6,6.054501485951569,3.435225376221456,57.570168285891846
0.3,0.2,0.8,0.75,0.0,0.17,0.25,7,6.302397578199614,3.2332270955580222,57.556014285762544
0.3,0.2,0.8,0.75,0.0,0.17,0.5,8,6.452938792426011,3.1079145797636776,57.54743271000271
0.3,0.2,0.8,0.75,0.0,0.08,0.1,7,5.907655384702992,3.8033593410271607,57.5785660649268
0.3,0.2,0.8,0.75,0.0,0.08,0.25,8,6.187222452388386,3.5760727362255156,57.56258686007719
0.3,0.2,0.8,0.75,0.0,0.08,0.5,9,6.3678953739395805,3.4219232937861737,57.55227931598543
0.3,0.2,0.8,0.75,0.0,0.04,0.1,8,5.732115105009017,4.185436890440448,57.58861790210806
0.3,0.2,0.8,0.75,0.0,0.04,0.25,9,6.009034134640401,3.97639499281733,57.57276738970775
0.3,0.2,0.8,0.75,0.0,0.04,0.5,10,6.194472134550688,3.8253693531128667,57.562172970145376
0.3,0.2,0.8,0.9,0.5,0.17,0.1,5,4.401423712898889,3.1390368947774374,59.11792269365831
0.3,0.2,0.8,0.9,0.5,0.17,0.25,6,4.544764487326547,3.029775096831889,59.109908813652645
0.3,0.2,0.8,0.9,0.5,0.17,0.5,7,4.632606232778813,2.9621389838316174,59.10500242020744
0.3,0.2,0.8,0.9,0.5,0.08,0.1,6,4.317185776051025,3.3443179122289077,59.12263665963354
0.3,0.2,0.8,0.9,0.5,0.08,0.25,7,4.499004652831684,3.209440905464706,59.112466125428085
0.3,0.2,0.8,0.9,0.5,0.08,0.5,8,4.616524159214541,3.1197912803014183,59.10590041901005
0.3,0.2,0.8,0.9,0.5,0.04,0.1,7,4.233630079536255,3.548815449004894,59.127315671729306
0.3,0.2,0.8,0.9,0.5,0.04,0.25,8,4.432733152250923,3.412759824449274,59.11617144436432
0.3,0.2,0.8,0.9,0.5,0.04,0.5,9,4.568672662372575,3.3152915857652427,59.10857307462234
0.3,0.2,0.8,0.9,0.25,0.17,0.1,6,5.472769692345758,3.3153147555269893,58.12231163246943
0.3,0.2,0.8,0.9,0.25,0.17,0.25,7,5.681125235908291,3.1497037105199936,58.11050347919659
0.3,0.2,0.8,0.9,0.25,0.17,0.5,8,5.807997256793129,3.0471347718386212,58.1033230204713
0.3,0.2,0.8,0.9,0.25,0.08,0.1,7,5.35278635299048,3.618990475737837,58.1291205345012
0.3,0.2,0.8,0.9,0.25,0.08,0.25,8,5.597429285194888,3.426358797382355,58.115244387677635
0.3,0.2,0.8,0.9,0.25,0.08,0.5,9,5.755792055287845,3.2964120529426695,58.10627673604547
0.3,0.2,0.8,0.9,0.25,0.04,0.1,8,5.2151184820296015,3.9331493543485063,58.136941204461735
0.3,0.2,0.8,0.9,0.25,0.04,0.25,9,5.466296917485192,3.7499394136029,58.122678784753326
0.3,0.2,0.8,0.9,0.25,0.04,0.5,10,5.635908766654696,3.617611923553009,58.113064339973405
0.3,0.2,0.8,0.9,0.0,0.17,0.1,7,6.545586252635438,3.5119474739830556,57.12180278995467
0.3,0.2,0.8,0.9,0.0,0.17,0.25,8,6.818496244315542,3.2863852193046164,57.10613000434468
0.3,0.2,0.8,0.9,0.0,0.17,0.5,9,6.983268284681654,3.146854191456471,57.09668401780317
0.3,0.2,0.8,0.9,0.0,0.08,0.1,8,6.379013016189061,3.9244104313514523,57.13138574413868
0.3,0.2,0.8,0.9,0.0,0.08,0.25,9,6.680476411832514,3.67464175233995,57.11405196801249
0.3,0.2,0.8,0.9,0.0,0.08,0.5,10,6.87453391242594,3.505137894215451,57.102916098393585
0.3,0.2,0.8,0.9,0.0,0.04,0.1,9,6.174148558346659,4.355146871492753,57.143189243699354
0.3,0.2,0.8,0.9,0.0,0.04,0.25,10,6.46712717607989,4.129245060642772,57.12631493766834
0.3,0.2,0.8,0.9,0.0,0.04,0.5,11,6.6620803747442725,3.9661570017297927,57.11510851399508
0.3,0.4,0.3,0.5,0.5,0.17,0.1,2,4.663409838444643,3.411978295275357,58.24151401308701
0.3,0.4,0.3,0.5,0.5,0.17,0.25,3,4.896224799755311,3.2215079086392566,58.228256896954925
0.3,0.4,0.3,0.5,0.5,0.17,0.5,4,5.041505100496102,3.1004716160857386,58.21999701593299
0.3,0.4,0.3,0.5,0.5,0.08,0.1,3,4.529629148691572,3.746756710253262,58.24914328836108
0.3,0.4,0.3,0.5,0.5,0.08,0.25,4,4.790097053186804,3.5360473515492914,58.23429696778626
0.3,0.4,0.3,0.5,0.5,0.08,0.5,5,4.961843402364385,3.39140246584826,58.224524951612146
0.3,0.4,0.3,0.5,0.5,0.04,0.1,4,4.385365980403044,4.0749129856449215,58.25737974520781
0.3,0.4,0.3,0.5,0.5,0.04,0.25,5,4.644258462027961,3.8812532844731913,58.242605669266
0.3,0.4,0.3,0.5,0.5,0.04,0.5,6,4.8205928982193225,3.7412380087432355,58.232560814662406
0.3,0.4,0.3,0.5,0.25,0.17,0.1,3,5.779421213205094,3.709281020233959,57.13497858275487
0.3,0.4,0.3,0.5,0.25,0.17,0.25,4,6.102532617364642,3.431342494532477,57.11629809248738
0.3,0.4,0.3,0.5,0.25,0.17,0.5,5,6.300338533404126,3.2562285253564376,57.10488611193739
0.3,0.4,0.3,0.5,0.25,0.08,0.1,4,5.583284094156582,4.1908324797947225,57.14634200086889
0.3,0.4,0.3,0.5,0.25,0.08,0.25,5,5.9178504702674495,3.9031965907770076,57.12696939896451
0.3,0.4,0.3,0.5,0.25,0.08,0.5,6,6.13481705383625,3.705925918610961,57.11443426779278
0.3,0.4,0.3,0.5,0.25,0.04,0.1,5,5.357457076587302,4.6647993285023635,57.15944796676329
0.3,0.4,0.3,0.5,0.25,0.04,0.25,6,5.6669300624243135,4.418408626355206,57.1414936694548
0.3,0.4,0.3,0.5,0.25,0.04,0.5,7,5.871976894180864,4.241636872151999,57.12962253921737
0.3,0.4,0.3,0.5,0.0,0.17,0.1,4,6.8923146817400305,4.040866334897855,56.02287758520828
0.3,0.4,0.3,0.5,0.0,0.17,0.25,5,7.303734122180772,3.6710083030006517,55.99873677589068
0.3,0.4,0.3,0.5,0.0,0.17,0.5,6,7.55063219586305,3.4401813781117965,55.98428763232355
0.3,0.4,0.3,0.5,0.0,0.08,0.1,5,6.62012647965331,4.678135764888218,56.03889255119673
0.3,0.4,0.3,0.5,0.0,0.08,0.25,6,7.020276432845884,4.316359731484115,56.01536066818809
0.3,0.4,0.3,0.5,0.0,0.08,0.5,7,7.275127479798615,4.069787330448444,56.00041275569748
0.3,0.4,0.3,0.5,0.0,0.04,0.1,6,6.299994359775396,5.30086218362413,56.05777334176334
0.3,0.4,0.3,0.5,0.0,0.04,0.25,7,6.650326680070706,5.0066172643700675,56.03711390936573
0.3,0.4,0.3,0.5,0.0,0.04,0.5,8,6.8779357534498375,4.7970520049246606,56.02372273530114
0.3,0.4,0.3,0.75,0.5,0.17,0.1,3,5.464264503525973,3.6288173775825285,57.44406780830554
0.3,0.4,0.3,0.75,0.5,0.17,0.25,4,5.763779854998186,3.3743982274733644,57.42682341814037
0.3,0.4,0.3,0.75,0.5,0.17,0.5,5,5.9483040634825235,3.213548031209916,57.41622039030314
0.3,0.4,0.3,0.75,0.5,0.08,0.1,4,5.286277109371151,4.070068260294512,57.45433520439921
0.3,0.4,0.3,0.75,0.5,0.08,0.25,5,5.602120130067578,3.8026125743258796,57.436125658516325
0.3,0.4,0.3,0.75,0.5,0.08,0.5,6,5.808047294732521,3.618928880531158,57.42427830222153
0.3,0.4,0.3,0.75,0.5,0.04,0.1,5,5.084163976385603,4.503884115686006,57.466012374713785
0.3,0.4,0.3,0.75,0.5,0.04,0.25,6,5.381399619687111,4.270962451994733,57.44884610986403
0.3,0.4,0.3,0.75,0.5,0.04,0.5,7,5.579705728741469,4.1035251142885,57.43741639363914
0.3,0.4,0.3,0.75,0.25,0.17,0.1,4,7.1334460950365886,4.125220750076179,55.77618292050931
0.3,0.4,0.3,0.75,0.25,0.17,0.25,5,7.565453622729867,3.733144744766376,55.750751237199815
0.3,0.4,0.3,0.75,0.25,0.17,0.5,6,7.823659333629496,3.4888730407189597,55.73559279615816
0.3,0.4,0.3,0.75,0.25,0.08,0.1,5,6.842036552796249,4.799383314706612,55.79338748612203
0.3,0.4,0.3,0.75,0.25,0.08,0.25,6,7.256627874805366,4.420675429600919,55.768922434767944
0.3,0.4,0.3,0.75,0.25,0.08,0.5,7,7.519675601817788,4.163006161242539,55.753441974429805
0.3,0.4,0.3,0.75,0.25,0.04,0.1,6,6.49922924477937,5.455952307802838,55.81367809511389
0.3,0.4,0.3,0.75,0.25,0.04,0.25,7,6.8582987548769125,5.15104945335266,55.792426320863264
0.3,0.4,0.3,0.75,0.25,0.04,0.5,8,7.090760031684384,4.934307103884543,55.77870055909846
0.3,0.4,0.3,0.75,0.0,0.17,0.1,5,8.792653340499434,4.697459792308876,54.096178638161675
0.3,0.4,0.3,0.75,0.0,0.17,0.25,6,9.352734565558386,4.160881951735726,54.06249290291697
0.3,0.4,0.3,0.75,0.0,0.17,0.5,7,9.678074916141988,3.831630080643647,54.042993353367265
0.3,0.4,0.3,0.75,0.0,0.08,0.1,6,8.35999228285016,5.616558858862488,54.12230268448796
0.3,0.4,0.3,0.75,0.0,0.08,0.25,7,8.862612215185429,5.130720571102257,54.09196289261293
0.3,0.4,0.3,0.75,0.0,0.08,0.5,8,9.174421894716044,4.80490361731049,54.07320132897526
0.3,0.4,0.3,0.75,0.0,0.04,0.1,7,7.855416738478582,6.496569413757407,54.15288209672726
0.3,0.4,0.3,0.75,0.0,0.04,0.25,8,8.269774168969013,6.1227493312928205,54.12776131082754
0.3,0.4,0.3,0.75,0.0,0.04,0.5,9,8.533709852043913,5.860645255811787,54.111802905567885
0.3,0.4,0.3,0.9,0.5,0.17,0.1,4,5.943965707397925,3.7677880110960142,56.96420664320878
0.3,0.4,0.3,0.9,0.5,0.17,0.25,5,6.283006527382562,3.4737303863952804,56.944558900215206
0.3,0.4,0.3,0.9,0.5,0.17,0.5,6,6.490141906254054,3.288502345023283,56.932581625842104
0.3,0.4,0.3,0.9,0.5,0.08,0.1,5,5.735941524394539,4.275463819435029,56.97628854018999
0.3,0.4,0.3,0.9,0.5,0.08,0.25,6,6.082493581581794,3.97475882694137,56.95617231672805
0.3,0.4,0.3,0.9,0.5,0.08,0.5,7,6.3066631046137855,3.768592532809926,56.94318998466827
0.3,0.4,0.3,0.9,0.5,0.04,0.1,6,5.4956407683599995,4.7736534956089915,56.990270425066406
0.3,0.4,0.3,0.9,0.5,0.04,0.25,7,5.812601506186055,4.518896175495217,56.97183381412842
0.3,0.4,0.3,0.9,0.5,0.04,0.5,8,6.021779454421683,4.336416517243017,56.95969250126185
0.3,0.4,0.3,0.9,0.25,0.17,0.1,5,7.942675788570197,4.399342596940438,54.95704396915103
0.3,0.4,0.3,0.9,0.25,0.17,0.25,6,8.438521258011056,3.9365037044188194,54.92754352123386
0.3,0.4,0.3,0.9,0.25,0.17,0.5,7,8.730705985905951,3.6502191127967967,54.91021401663788
0.3,0.4,0.3,0.9,0.25,0.08,0.1,6,7.585114587302022,5.1930217610077545,54.97838932628451
0.3,0.4,0.3,0.9,0.25,0.08,0.25,7,8.04388957881077,4.761181166003435,54.95101280851473
0.3,0.4,0.3,0.9,0.25,0.08,0.5,8,8.331572800045105,4.469301014014286,54.93389665164884
0.3,0.4,0.3,0.9,0.25,0.04,0.1,7,7.165245375991569,5.959372908561784,55.0035320527093
0.3,0.4,0.3,0.9,0.25,0.04,0.25,8,7.551569494187027,5.620563046717223,54.98039498873857
0.3,0.4,0.3,0.9,0.25,0.04,0.5,9,7.799426445015634,5.381189713522015,54.965588248592354
0.3,0.4,0.3,0.9,0.0,0.17,0.1,6,9.923868852962148,5.139254220394786,52.93281690278053
0.3,0.4,0.3,0.9,0.0,0.17,0.25,7,10.570938212638236,4.499669885235836,52.89333610110675
0.3,0.4,0.3,0.9,0.0,0.17,0.5,8,10.940235525446983,4.111298692837198,52.87089218406642
0.3,0.4,0.3,0.9,0.0,0.08,0.1,7,9.379428591531159,6.231438733983528,52.96619043012327
0.3,0.4,0.3,0.9,0.0,0.08,0.25,8,9.941008877464853,5.672437036811934,52.93176854244738
0.3,0.4,0.3,0.9,0.0,0.08,0.5,9,10.284965650783384,5.301953010599746,52.910760169523165
0.3,0.4,0.3,0.9,0.0,0.04,0.1,8,8.754096159909452,7.2644386521838396,53.00469869859252
0.3,0.4,0.3,0.9,0.0,0.04,0.25,9,9.207467996951092,6.842962823439016,52.97676099530258
0.3,0.4,0.3,0.9,0.0,0.04,0.5,10,9.493707261776008,6.551287383696726,52.959173498190815
0.3,0.4,0.45,0.5,0.5,0.17,0.1,3,5.777273066803024,3.516205925919338,58.43733022438037
0.3,0.4,0.45,0.5,0.5,0.17,0.25,4,6.04370650673014,3.2963321944727517,58.42239081522999
0.3,0.4,0.45,0.5,0.5,0.17,0.5,5,6.210225810726966,3.155973519784961,58.41307010354589
0.3,0.4,0.45,0.5,0.5,0.08,0.1,4,5.623781602369005,3.89668838505773,58.445951420060105
0.3,0.4,0.45,0.5,0.5,0.08,0.25,5,5.912617498666961,3.6602585318998986,58.429737189518974
0.3,0.4,0.45,0.5,0.5,0.08,0.5,6,6.102971731964701,3.4973457207247325,58.419072080691556
0.3,0.4,0.45,0.5,0.5,0.04,0.1,5,5.45590977503887,4.266906239594415,58.45539262481776
0.3,0.4,0.45,0.5,0.5,0.04,0.25,6,5.7354867335868365,4.05522418201276,58.43967618561903
0.3,0.4,0.45,0.5,0.5,0.04,0.5,7,5.924544355700112,3.9025819985349743,58.42906847295073
0.3,0.4,0.45,0.5,0.25,0.17,0.1,4,6.917637815123157,3.8247615195447544,57.329603818421226
0.3,0.4,0.45,0.5,0.25,0.17,0.25,5,7.274867109868666,3.515729181238853,57.30926595588755
0.3,0.4,0.45,0.5,0.25,0.17,0.5,6,7.493175813253972,3.3207573276016014,57.29686571320958
0.3,0.4,0.45,0.5,0.25,0.08,0.1,5,6.697446186142608,4.354558137059065,57.34216885398457
0.3,0.4,0.45,0.5,0.25,0.08,0.25,6,7.058157879705762,4.042234188989183,57.32159675758397
0.3,0.4,0.45,0.5,0.25,0.08,0.5,7,7.291182848114497,3.8280948667806887,57.3083384514006
0.3,0.4,0.45,0.5,0.25,0.04,0.1,6,6.443648861335083,4.871381214604852,57.35667917112639
0.3,0.4,0.45,0.5,0.25,0.04,0.25,7,6.770318833595734,4.6093200161512655,57.338007983786966
0.3,0.4,0.45,0.5,0.25,0.04,0.5,8,6.985223436837229,4.4220211053866105,57.32575155508134
0.3,0.4,0.45,0.5,0.0,0.17,0.1,5,8.055612729640416,4.167282009330669,56.216220715752385
0.3,0.4,0.45,0.5,0.0,0.17,0.25,6,8.501560460013579,3.7651113213763376,56.19045246329013
0.3,0.4,0.45,0.5,0.0,0.17,0.5,7,8.768291699639663,3.514200810349571,56.175083254010985
0.3,0.4,0.45,0.5,0.0,0.08,0.1,6,7.755134128316854,4.8543107512377475,56.23363475759129
0.3,0.4,0.45,0.5,0.0,0.08,0.25,7,8.180023545361115,4.468740989089232,56.2090227162092
0.3,0.4,0.45,0.5,0.0,0.08,0.5,8,8.449421634522825,4.206480257303351,56.19346051601926
0.3,0.4,0.45,0.5,0.0,0.04,0.1,7,7.403292936087191,5.520018326929561,56.25407846678879
0.3,0.4,0.45,0.5,0.0,0.04,0.25,8,7.769330081095993,5.211248870944544,56.23281110419205
0.3,0.4,0.45,0.5,0.0,0.04,0.5,9,8.005891919248054,4.992146649871854,56.21909938477421
0.3,0.4,0.45,0.75,0.5,0.17,0.1,4,6.466995084676608,3.6852638975310126,57.776179490657384
0.3,0.4,0.45,0.75,0.5,0.17,0.25,5,6.785276408313545,3.415287485444011,57.758170063611836
0.3,0.4,0.45,0.75,0.5,0.17,0.5,6,6.9812737976153505,3.244423620462438,57.74710274977972
0.3,0.4,0.45,0.75,0.5,0.08,0.1,5,6.276597708656384,4.1506554472903066,57.78697488580911
0.3,0.4,0.45,0.75,0.5,0.08,0.25,6,6.607730366230036,3.8703385560708674,57.76821053200347
0.3,0.4,0.45,0.75,0.5,0.08,0.5,7,6.823284844932953,3.6777731683049826,57.75602249486549
0.3,0.4,0.45,0.75,0.5,0.04,0.1,6,6.059904851205489,4.606258767621033,57.79928140422405
0.3,0.4,0.45,0.75,0.5,0.04,0.25,7,6.3679673749792665,4.364833841552942,57.781792224014836
0.3,0.4,0.45,0.75,0.5,0.04,0.5,8,6.572718872243533,4.191631036514767,57.77019217092673
0.3,0.4,0.45,0.75,0.25,0.17,0.1,5,8.174949178823399,4.190306531649856,56.1073641995945
0.3,0.4,0.45,0.75,0.25,0.17,0.25,6,8.626902270317238,3.7815634800382574,56.081213460800996
0.3,0.4,0.45,0.75,0.25,0.17,0.5,7,8.896546478542412,3.5270075473298648,56.06565579504685
0.3,0.4,0.45,0.75,0.25,0.08,0.1,6,7.867213246652627,4.89002157540247,56.1252239437247
0.3,0.4,0.45,0.75,0.25,0.08,0.25,7,8.296640183587156,4.498997191882526,56.10031376136693
0.3,0.4,0.45,0.75,0.25,0.08,0.5,8,8.568483040540897,4.233274363046659,56.08458843800692
0.3,0.4,0.45,0.75,0.25,0.04,0.1,7,7.506064740646146,5.568747730016433,56.146239323800685
0.3,0.4,0.45,0.75,0.25,0.04,0.25,8,7.8751280756942155,5.256197691091401,56.12476405231723
0.3,0.4,0.45,0.75,0.25,0.04,0.5,9,8.11345946719937,5.034459271837637,56.11092932820658
0.3,0.4,0.45,0.75,0.0,0.17,0.1,6,9.874664779658438,4.770955947877622,54.4261892001753
0.3,0.4,0.45,0.75,0.0,0.17,0.25,7,10.455957141309845,4.216951472689467,54.39182298074115
0.3,0.4,0.45,0.75,0.0,0.17,0.5,8,10.792897875920104,3.8773592076252297,54.37197382774946
0.3,0.4,0.45,0.75,0.0,0.08,0.1,7,9.421694244212397,5.716320043470982,54.45307718811503
0.3,0.4,0.45,0.75,0.0,0.08,0.25,8,9.939557022995626,5.218401136105156,54.422345029780494
0.3,0.4,0.45,0.75,0.0,0.08,0.5,9,10.260186683536077,4.885052374117887,54.40337965336499
0.3,0.4,0.45,0.75,0.0,0.04,0.1,8,8.89528524876888,6.61855477908842,54.48444455313898
0.3,0.4,0.45,0.75,0.0,0.04,0.25,9,9.320085564643277,6.237234309011477,54.4591217005438
0.3,0.4,0.45,0.75,0.0,0.04,0.5,10,9.590217582152949,5.970439444182919,54.44306264503418
0.3,0.4,0.45,0.9,0.5,0.17,0.1,5,6.880668854828542,3.7921601753672896,57.37849586626813
0.3,0.4,0.45,0.9,0.5,0.17,0.25,6,7.229749854720091,3.4913706124109196,57.35863717248543
0.3,0.4,0.45,0.9,0.5,0.17,0.5,7,7.442926863045063,3.3018866610965723,57.34653708869417
0.3,0.4,0.45,0.9,0.5,0.08,0.1,6,6.665723986457173,4.310194013334825,57.39075142932626
0.3,0.4,0.45,0.9,0.5,0.08,0.25,7,7.0207741724763295,4.003962469105049,57.370518815928605
0.3,0.4,0.45,0.9,0.5,0.08,0.5,8,7.25024858665233,3.7940676796050803,57.35747275381172
0.3,0.4,0.45,0.9,0.5,0.04,0.1,7,6.417356794674145,4.817756338606549,57.404939030571164
0.3,0.4,0.45,0.9,0.5,0.04,0.25,8,6.7407424206277655,4.559291760149639,57.386471682496676
0.3,0.4,0.45,0.9,0.5,0.04,0.5,9,6.953855397398212,4.374339491305509,57.374327792607694
0.3,0.4,0.45,0.9,0.25,0.17,0.1,6,8.927626663100853,4.428446939028403,55.370808368178444
0.3,0.4,0.45,0.9,0.25,0.17,0.25,7,9.435345053101862,3.958175634549927,55.34115050071702
0.3,0.4,0.45,0.9,0.25,0.17,0.5,8,9.734258236328298,3.6674347988553797,55.323744895776
0.3,0.4,0.45,0.9,0.25,0.08,0.1,7,8.560090400228514,5.23331764648284,55.39235165721783
0.3,0.4,0.45,0.9,0.25,0.08,0.25,8,9.028231710823874,4.795965686715541,55.36492222435344
0.3,0.4,0.45,0.9,0.25,0.08,0.5,9,9.32151937886243,4.50058951222379,55.34778924262858
0.3,0.4,0.45,0.9,0.25,0.04,0.1,8,8.129000297866984,6.009484719770494,55.41769999223267
0.3,0.4,0.45,0.9,0.25,0.04,0.25,9,8.522223729611644,5.667089957131917,55.394574778446156
0.3,0.4,0.45,0.9,0.25,0.04,0.5,10,8.774299175227629,5.425419562833389,55.379788135874996
0.3,0.4,0.45,0.9,0.0,0.17,0.1,7,10.959837273107876,5.173109348316418,53.345668167250594
0.3,0.4,0.45,0.9,0.0,0.17,0.25,8,11.620762425067642,4.525522636180692,53.306070060953495
0.3,0.4,0.45,0.9,0.0,0.17,0.5,9,11.99760847988034,4.132573812227031,53.283581904880805
0.3,0.4,0.45,0.9,0.0,0.08,0.1,8,10.401983870463717,6.277043172190442,53.379248567893136
0.3,0.4,0.45,0.9,0.0,0.08,0.25,9,10.97424612010931,5.7123759346914476,53.344802734782135
0.3,0.4,0.45,0.9,0.0,0.08,0.5,10,11.324477434821478,5.338480784773278,53.32379650550478
0.3,0.4,0.45,0.9,0.0,0.04,0.1,9,9.762076437676392,7.320223695410273,53.417947845932964
0.3,0.4,0.45,0.9,0.0,0.04,0.25,10,10.223367629045367,6.8950316203226585,53.39003124558307
0.3,0.4,0.45,0.9,0.0,0.04,0.5,11,10.514431530595125,6.601094709178557,53.37246801235398
0.3,0.4,0.8,0.5,0.5,0.17,0.1,4,8.11993127462356,3.7361394358221536,58.84200654903816
0.3,0.4,0.8,0.5,0.5,0.17,0.25,5,8.456157995287317,3.4548785920682294,58.82374639076773
0.3,0.4,0.8,0.5,0.5,0.17,0.5,6,8.665173071785649,3.275155658348885,58.81241942031388
0.3,0.4,0.8,0.5,0.5,0.08,0.1,5,7.921819095099614,4.211827441967067,58.85278863693202
0.3,0.4,0.8,0.5,0.5,0.08,0.25,6,8.266917487065918,3.9241054009035685,58.83401788610519
0.3,0.4,0.8,0.5,0.5,0.08,0.5,7,8.49251895275518,3.725772506916776,58.82177456974303
0.3,0.4,0.8,0.5,0.5,0.04,0.1,6,7.700853912508965,4.669032267202315,58.864834512127395
0.3,0.4,0.8,0.5,0.5,0.04,0.25,7,8.019291385189975,4.423301495213066,58.847481671763965
0.3,0.4,0.8,0.5,0.5,0.04,0.5,8,8.230901957337423,4.247578904156652,58.835974460653986
0.3,0.4,0.8,0.5,0.25,0.17,0.1,5,9.312441337984056,4.067028091722933,57.73181366138509
0.3,0.4,0.8,0.5,0.25,0.17,0.25,6,9.740381889381688,3.6936814583620103,57.708214209328624
0.3,0.4,0.8,0.5,0.25,0.17,0.5,7,9.999779339320302,3.458559067543797,57.69394770127816
0.3,0.4,0.8,0.5,0.25,0.08,0.1,6,9.038589652859198,4.696310305608652,57.7469572274943
0.3,0.4,0.8,0.5,0.25,0.08,0.25,7,9.45170513840261,4.334690865595321,57.724125062221844
0.3,0.4,0.8,0.5,0.25,0.08,0.5,8,9.715860176012248,4.0876790315257985,57.70956436524162
0.3,0.4,0.8,0.5,0.25,0.04,0.1,7,8.72301245345879,5.301294129928009,57.764448630902265
0.3,0.4,0.8,0.5,0.25,0.04,0.25,8,9.083326777357659,5.0086702532029,57.74448110892254
0.3,0.4,0.8,0.5,0.25,0.04,0.5,9,9.317212010816501,4.80110321477802,57.731550139012654
0.3,0.4,0.8,0.5,0.0,0.17,0.1,6,10.504007222151102,4.431327964578983,56.61578164350648
0.3,0.4,0.8,0.5,0.0,0.17,0.25,7,11.021554579741299,3.962717125579218,56.58681249511003
0.3,0.4,0.8,0.5,0.0,0.17,0.5,8,11.32823299054182,3.6713801013227245,56.569701078493516
0.3,0.4,0.8,0.5,0.0,0.08,0.1,7,10.141036329012731,5.220427654054243,56.63616800357549
0.3,0.4,0.8,0.5,0.0,0.08,0.25,8,10.61625623651905,4.787047952152116,56.60948876628235
0.3,0.4,0.8,0.5,0.0,0.08,0.5,9,10.914675405825381,4.49388544968979,56.592785442227175
0.3,0.4,0.8,0.5,0.0,0.04,0.1,8,9.719888526113651,5.974414238023932,56.65989418196153
0.3,0.4,0.8,0.5,0.0,0.04,0.25,9,10.11785858872667,5.636539694554167,56.63747174275806
0.3,0.4,0.8,0.5,0.0,0.04,0.5,10,10.372699133319552,5.398472406398495,56.62314996325968
0.3,0.4,0.8,0.75,0.5,0.17,0.1,5,8.560949029513187,3.8013678490081033,58.46259445756806
0.3,0.4,0.8,0.75,0.5,0.17,0.25,6,8.918316430338248,3.4994163020098696,58.44308834427076
0.3,0.4,0.8,0.75,0.5,0.17,0.5,7,9.137742818907268,3.308288493901205,58.431138603147225
0.3,0.4,0.8,0.75,0.5,0.08,0.1,6,8.343605618182925,4.316459204185966,58.47448460142832
0.3,0.4,0.8,0.75,0.5,0.08,0.25,7,8.70608420938197,4.010155657948153,58.45466594546984
0.3,0.4,0.8,0.75,0.5,0.08,0.5,8,8.94099199087699,3.7999150203848413,58.441852500450345
0.3,0.4,0.8,0.75,0.5,0.04,0.1,7,8.095265314491673,4.8170537141716885,58.48809553583809
0.3,0.4,0.8,0.75,0.5,0.04,0.25,8,8.425206094637172,4.558716389429877,58.47001811251199
0.3,0.4,0.8,0.75,0.5,0.04,0.5,9,8.64280289090229,4.374160529064899,58.458121790491546
0.3,0.4,0.8,0.75,0.25,0.17,0.1,6,10.350645639371425,4.323829226139517,56.79198033847389
0.3,0.4,0.8,0.75,0.25,0.17,0.25,7,10.844170021942844,3.880976724507168,56.76442732259122
0.3,0.4,0.8,0.75,0.25,0.17,0.5,8,11.137285626505754,3.605664124721698,56.748112678853005
0.3,0.4,0.8,0.75,0.25,0.08,0.1,7,10.007710785491986,5.075959652514093,56.8111883417052
0.3,0.4,0.8,0.75,0.25,0.08,0.25,8,10.467873307124265,4.659920846433241,56.785426074516174
0.3,0.4,0.8,0.75,0.25,0.08,0.5,9,10.757777133377356,4.3780184723299325,56.76924295611408
0.3,0.4,0.8,0.75,0.25,0.04,0.1,8,9.607102439864379,5.8003952251046424,56.833691780333865
0.3,0.4,0.8,0.75,0.25,0.04,0.25,9,9.996906813491302,5.472279668798646,56.81179431267347
0.3,0.4,0.8,0.75,0.25,0.04,0.5,10,10.247454404178225,5.240395584712986,56.79775475850063
0.3,0.4,0.8,0.75,0.0,0.17,0.1,7,12.135755202576126,4.921509224181123,55.10851556633716
0.3,0.4,0.8,0.75,0.0,0.17,0.25,8,12.761354341855924,4.331894719861245,55.072822660503604
0.3,0.4,0.8,0.75,0.0,0.17,0.5,9,13.122255724178356,3.971431747628428,55.052308940902115
0.3,0.4,0.8,0.75,0.0,0.08,0.1,8,11.63919818793917,5.920710454892758,55.136967816373826
0.3,0.4,0.8,0.75,0.0,0.08,0.25,9,12.188950370399843,5.398105197003886,55.10547394098382
0.3,0.4,0.8,0.75,0.0,0.08,0.5,10,12.527969372010016,5.049497167525812,55.08611830050091
0.3,0.4,0.8,0.75,0.0,0.04,0.1,9,11.066018592441518,6.868819998495831,55.16994565586673
0.3,0.4,0.8,0.75,0.0,0.04,0.25,10,11.512812634598003,6.472050027721934,55.144226905302
0.3,0.4,0.8,0.75,0.0,0.04,0.5,11,11.79602906939139,6.195628515956411,55.127969854760316
0.3,0.4,0.8,0.9,0.5,0.17,0.1,6,8.825904538049079,3.8416363419011064,58.23458750421088
0.3,0.4,0.8,0.9,0.5,0.17,0.25,7,9.195918252267777,3.5271030987812075,58.21433063607764
0.3,0.4,0.8,0.9,0.5,0.17,0.5,8,9.421578173244027,3.3290179457620694,58.202005462880656
0.3,0.4,0.8,0.9,0.5,0.08,0.1,7,8.59626469912711,4.3809181148276215,58.24718913567731
0.3,0.4,0.8,0.9,0.5,0.08,0.25,8,8.968980884405076,4.063430623343178,58.22674761878749
0.3,0.4,0.8,0.9,0.5,0.08,0.5,9,9.209411727425088,3.8459982683386675,58.21359303127832
0.3,0.4,0.8,0.9,0.5,0.04,0.1,8,8.33071721566203,4.907851881332331,58.2617897309081
0.3,0.4,0.8,0.9,0.5,0.04,0.25,9,8.667428796545185,4.64184916120673,58.24328152040364
0.3,0.4,0.8,0.9,0.5,0.04,0.5,10,8.88868604092503,4.4518787704586735,58.231146297143745
0.3,0.4,0.8,0.9,0.25,0.17,0.1,7,10.97377505359798,4.487544215708767,56.226065289893434
0.3,0.4,0.8,0.9,0.25,0.17,0.25,8,11.506266640623487,4.002108594880347,56.19612068641761
0.3,0.4,0.8,0.9,0.25,0.17,0.5,9,11.819132511808593,3.702353781480705,56.178583827591545
0.3,0.4,0.8,0.9,0.25,0.08,0.1,8,10.585116680679185,5.315371317456749,56.247999298087414
0.3,0.4,0.8,0.9,0.25,0.08,0.25,9,11.072808063593676,4.866749042971679,56.22048687096347
0.3,0.4,0.8,0.9,0.25,0.08,0.5,10,11.377768466651283,4.564255974814242,56.20333552806757
0.3,0.4,0.8,0.9,0.25,0.04,0.1,9,10.130236949773286,6.11182947118754,56.273754601454826
0.3,0.4,0.8,0.9,0.25,0.04,0.25,10,10.537886901955517,5.7620644082651715,56.250669220333904
0.3,0.4,0.8,0.9,0.25,0.04,0.5,11,10.798794743807338,5.515668463553075,56.235932174133715
0.3,0.4,0.8,0.9,0.0,0.17,0.1,8,13.1127454659421,5.241891291169586,54.19929823199263
0.3,0.4,0.8,0.9,0.0,0.17,0.25,9,13.802617406750016,4.577969280899382,54.1594968050058
0.3,0.4,0.8,0.9,0.0,0.17,0.5,10,14.195171610078683,4.175743062511975,54.13694103888786
0.3,0.4,0.8,0.9,0.0,0.08,0.1,9,12.526548582823338,6.369939538585749,54.23328208885826
0.3,0.4,0.8,0.9,0.0,0.08,0.25,10,13.12117536414652,5.7936473589675055,54.19881062378269
0.3,0.4,0.8,0.9,0.0,0.08,0.5,11,13.48453122830955,5.4127770605055785,54.17782267954776
0.3,0.4,0.8,0.9,0.0,0.04,0.1,10,11.856374589890152,7.433352978636422,54.27232080203128
0.3,0.4,0.8,0.9,0.0,0.04,0.25,11,12.334228437763839,7.000571182656403,54.24446461284895
0.3,0.4,0.8,0.9,0.0,0.04,0.5,12,12.635421273065184,6.701970032448107,54.22695890699494
0.3,0.6,0.3,0.5,0.5,0.17,0.1,3,7.054256406865389,3.837317997447672,57.35300048649439
0.3,0.6,0.3,0.5,0.5,0.17,0.25,4,7.42227485649487,3.515720105572142,57.33208744788452
0.3,0.6,0.3,0.5,0.5,0.17,0.5,5,7.642809834928865,3.3164147973248217,57.319584722338455
0.3,0.6,0.3,0.5,0.5,0.08,0.1,4,6.819390897846445,4.392066594282251,57.36637920294625
0.3,0.6,0.3,0.5,0.5,0.08,0.25,5,7.18895430608022,4.0677769052331305,57.345338996201434
0.3,0.6,0.3,0.5,0.5,0.08,0.5,6,7.425930617591581,3.8465801614357873,57.331880013625366
0.3,0.6,0.3,0.5,0.5,0.04,0.1,5,6.548381961657301,4.9354038965238685,57.381848137224154
0.3,0.6,0.3,0.5,0.5,0.04,0.25,6,6.880164471966155,4.665429996734855,57.362914922924425
0.3,0.6,0.3,0.5,0.5,0.04,0.5,7,7.097954409748941,4.472545257443625,57.35051408001125
0.3,0.6,0.3,0.5,0.25,0.17,0.1,4,8.747790130922816,4.3866534514575495,55.68159372962674
0.3,0.6,0.3,0.5,0.25,0.17,0.25,5,9.254388275026205,3.914822337064717,55.652158744832015
0.3,0.6,0.3,0.5,0.25,0.17,0.5,6,9.549306278170167,3.6263481408726506,55.635076892474366
0.3,0.6,0.3,0.5,0.25,0.08,0.1,5,8.378745142206977,5.1918470619133865,55.70311051912036
0.3,0.6,0.3,0.5,0.25,0.08,0.25,6,8.846335753298206,4.751860612387282,55.675858716878125
0.3,0.6,0.3,0.5,0.25,0.08,0.5,7,9.139045761633401,4.45487506640301,55.658850215018454
0.3,0.6,0.3,0.5,0.25,0.04,0.1,6,7.9499479650776195,5.967847548224135,55.72819011737069
0.3,0.6,0.3,0.5,0.25,0.04,0.25,7,8.34137543061646,5.6246041880344055,55.70529282189825
0.3,0.6,0.3,0.5,0.25,0.04,0.5,8,8.592850625492243,5.381732630647341,55.69061968449426
0.3,0.6,0.3,0.5,0.0,0.17,0.1,5,10.430101567799245,5.014109646889794,53.99810905630942
0.3,0.6,0.3,0.5,0.0,0.17,0.25,6,11.070878882328072,4.386106951592616,53.9600708683702
0.3,0.6,0.3,0.5,0.0,0.17,0.5,7,11.434409988206085,4.007540180897157,53.93857427722041
0.3,0.6,0.3,0.5,0.0,0.08,0.1,6,9.900079119453299,6.077473302748453,54.02971578232015
0.3,0.6,0.3,0.5,0.0,0.08,0.25,7,10.45837064462436,5.524870329480528,53.996426947223306
0.3,0.6,0.3,0.5,0.0,0.08,0.5,8,10.801421366103048,5.157433536410539,53.976043581280365
0.3,0.6,0.3,0.5,0.0,0.04,0.1,7,9.29560083326162,7.084175951151717,54.065922393364104
0.3,0.6,0.3,0.5,0.0,0.04,0.25,8,9.74470042686777,6.668650453922129,54.03900621425481
0.3,0.6,0.3,0.5,0.0,0.04,0.5,9,10.029541376420292,6.379217271321504,54.021983545169526
0.3,0.6,0.3,0.75,0.5,0.17,0.1,4,8.269936720306204,4.23509202621818,56.148862979289206
0.3,0.6,0.3,0.75,0.5,0.17,0.25,5,8.74030561155006,3.8038748448986324,56.121698190243826
0.3,0.6,0.3,0.75,0.5,0.17,0.5,6,9.016436258348914,3.5390248295153213,56.10579795038434
0.3,0.6,0.3,0.75,0.5,0.08,0.1,5,7.940396678996198,4.971400697144437,56.16795493143153
0.3,0.6,0.3,0.75,0.5,0.08,0.25,6,8.38281988790579,4.562131134114222,56.1423345282956
0.3,0.6,0.3,0.75,0.5,0.08,0.5,7,8.661451295163447,4.284911928551118,56.12624515621562
0.3,0.6,0.3,0.75,0.5,0.04,0.1,6,7.557282420832245,5.683442469959778,56.190213619873305
0.3,0.6,0.3,0.75,0.5,0.04,0.25,7,7.933119148316892,5.359931288480855,56.168377119813925
0.3,0.6,0.3,0.75,0.5,0.04,0.5,8,8.175576657128868,5.130406659966447,56.154324648959445
0.3,0.6,0.3,0.75,0.25,0.17,0.1,5,10.793198902580992,5.173681050603596,53.624224798042
0.3,0.6,0.3,0.75,0.25,0.17,0.25,6,11.464989818629977,4.508620145600026,53.58415765677701
0.3,0.6,0.3,0.75,0.25,0.17,0.5,7,11.84418876107587,4.108880380922756,53.56163267179156
0.3,0.6,0.3,0.75,0.25,0.08,0.1,6,10.223651657924826,6.2963537362718105,53.65835733735268
0.3,0.6,0.3,0.75,0.25,0.08,0.25,7,10.802551497554514,5.718123086385171,53.6236655603217
0.3,0.6,0.3,0.75,0.25,0.08,0.5,8,11.156904602169071,5.335143939908478,53.602506791836724
0.3,0.6,0.3,0.75,0.25,0.04,0.1,7,9.578083133677563,7.354297849646304,53.697229047871055
0.3,0.6,0.3,0.75,0.25,0.04,0.25,8,10.040504195820521,6.922501438017534,53.66936535125604
0.3,0.6,0.3,0.75,0.25,0.04,0.5,9,10.332933036021208,6.623119738379692,53.65179648459616
0.3,0.6,0.3,0.75,0.0,0.17,0.1,6,13.276507360535494,6.299708989420531,51.07408578928455
0.3,0.6,0.3,0.75,0.0,0.17,0.25,7,14.14526121855575,5.387473321523302,51.02065707105605
0.3,0.6,0.3,0.75,0.0,0.17,0.5,8,14.62172003355442,4.850507720951275,50.99150249126182
0.3,0.6,0.3,0.75,0.0,0.08,0.1,7,12.417313560545207,7.805617623851709,51.12727313294329
0.3,0.6,0.3,0.75,0.0,0.08,0.25,8,13.132163262375563,7.060804621927633,51.08299701382801
0.3,0.6,0.3,0.75,0.0,0.08,0.5,9,13.559647803217633,6.581953801904547,51.05663407058167
0.3,0.6,0.3,0.75,0.0,0.04,0.1,8,11.481006332187139,9.195512758490729,51.18563231203838
0.3,0.6,0.3,0.75,0.0,0.04,0.25,9,12.037286328002272,8.655716226164683,51.15090946653016
0.3,0.6,0.3,0.75,0.0,0.04,0.5,10,12.38221438124041,8.294581426445188,51.12945330320022
0.3,0.6,0.3,0.9,0.5,0.17,0.1,5,8.996749932422077,4.493914251878969,55.42333065191678
0.3,0.6,0.3,0.9,0.5,0.17,0.25,6,9.52722268511379,3.9951776869801496,55.39240242400454
0.3,0.6,0.3,0.9,0.5,0.17,0.5,7,9.834922931553924,3.690647962286474,55.37452132272692
0.3,0.6,0.3,0.9,0.5,0.08,0.1,6,8.603308480265737,5.341562027949496,55.44635296620879
0.3,0.6,0.3,0.9,0.5,0.08,0.25,7,9.08660581627947,4.882485100681705,55.41808270832094
0.3,0.6,0.3,0.9,0.5,0.08,0.5,8,9.38814015059377,4.573252993749836,55.400498932725824
0.3,0.6,0.3,0.9,0.5,0.04,0.1,7,8.147915151232766,6.15450332730985,55.47308983946668
0.3,0.6,0.3,0.9,0.5,0.04,0.25,8,8.54866756636441,5.799582571460572,55.449555942929926
0.3,0.6,0.3,0.9,0.5,0.04,0.5,9,8.805401353149978,5.549073245909767,55.4345185436454
0.3,0.6,0.3,0.9,0.25,0.17,0.1,6,12.008457034873166,5.701246831609283,52.38161880607126
0.3,0.6,0.3,0.9,0.25,0.17,0.25,7,12.777644183564018,4.917535625033211,52.33504055683878
0.3,0.6,0.3,0.9,0.25,0.17,0.5,8,13.204926083534808,4.451496989012389,52.30928395489699
0.3,0.6,0.3,0.9,0.25,0.08,0.1,7,11.30366261904856,7.01520313889741,52.424539070493346
0.3,0.6,0.3,0.9,0.25,0.08,0.25,8,11.949057406616337,6.3547390984909775,52.38522715249698
0.3,0.6,0.3,0.9,0.25,0.08,0.5,9,12.33942748811061,5.923412369713126,52.36154333821765
0.3,0.6,0.3,0.9,0.25,0.04,0.1,8,10.51871505546167,8.239005960275495,52.47261553651057
0.3,0.6,0.3,0.9,0.25,0.04,0.25,9,11.026026615307316,7.753983036738572,52.441510406674674
0.3,0.6,0.3,0.9,0.25,0.04,0.5,10,11.34387541301387,7.423185412684655,52.42208395163662
0.3,0.6,0.3,0.9,0.0,0.17,0.1,7,14.9317124379313,7.22004884867498,49.30581337271945
0.3,0.6,0.3,0.9,0.0,0.17,0.25,8,15.930308140090599,6.142981308732601,49.24312335154613
0.3,0.6,0.3,0.9,0.0,0.17,0.5,9,16.46938996906315,5.518625398932196,49.20947291668974
0.3,0.6,0.3,0.9,0.0,0.08,0.1,8,13.855954249962288,8.96843047805648,49.37387207687994
0.3,0.6,0.3,0.9,0.0,0.08,0.25,9,14.66943500030029,8.109973855383002,49.32235606959809
0.3,0.6,0.3,0.9,0.0,0.08,0.5,10,15.147906491950547,7.570788634411432,49.2922016172719
0.3,0.6,0.3,0.9,0.0,0.04,0.1,9,12.708682742038512,10.574479130991337,49.4470652089487
0.3,0.6,0.3,0.9,0.0,0.04,0.25,10,13.33577181181116,9.961453729287923,49.40697974220545
0.3,0.6,0.3,0.9,0.0,0.04,0.5,11,13.718390658237212,9.562671672274266,49.38261485433158
0.3,0.6,0.45,0.5,0.5,0.17,0.1,4,8.786467396064968,4.0216612567646814,57.64597856469968
0.3,0.6,0.45,0.5,0.5,0.17,0.25,5,9.207833017241729,3.6509193740374264,57.62258151827353
0.3,0.6,0.45,0.5,0.5,0.17,0.5,6,9.459549820155333,3.420781615287228,57.608641406186955
0.3,0.6,0.45,0.5,0.5,0.08,0.1,5,8.51147862460584,4.650989738326999,57.66128970963993
0.3,0.6,0.45,0.5,0.5,0.08,0.25,6,8.920204055422554,4.289431717860623,57.638544206059116
0.3,0.6,0.45,0.5,0.5,0.08,0.5,7,9.18069490295148,4.043179464164029,57.62408607508591
0.3,0.6,0.45,0.5,0.5,0.04,0.1,6,8.195207607736045,5.259043201700616,57.67894059232608
0.3,0.6,0.45,0.5,0.5,0.04,0.25,7,8.55191552379273,4.966204776046982,57.659036132654386
0.3,0.6,0.45,0.5,0.5,0.04,0.5,8,8.783876850914861,4.7581050049418625,57.64612264922331
0.3,0.6,0.45,0.5,0.25,0.17,0.1,5,10.537758857827173,4.595737348249586,55.97166862267886
0.3,0.6,0.45,0.5,0.25,0.17,0.25,6,11.098675148903435,4.072522890477344,55.93982085220781
0.3,0.6,0.45,0.5,0.25,0.17,0.5,7,11.423526547233266,3.753022950104231,55.92143937157466
0.3,0.6,0.45,0.5,0.25,0.08,0.1,6,10.119004200371752,5.477479413776596,55.9955351578533
0.3,0.6,0.45,0.5,0.25,0.08,0.25,7,10.623773983637763,5.001892347942829,55.96677586652861
0.3,0.6,0.45,0.5,0.25,0.08,0.5,8,10.937898499728306,4.682141070234741,55.948935330659566
0.3,0.6,0.45,0.5,0.25,0.04,0.1,7,9.637117401969153,6.3178124368168955,56.02309631211231
0.3,0.6,0.45,0.5,0.25,0.04,0.25,8,10.05202136367691,5.953213923750381,55.99935999728625
0.3,0.6,0.45,0.5,0.25,0.04,0.5,9,10.31705886080998,5.69665252514985,55.98423753739768
0.3,0.6,0.45,0.5,0.0,0.17,0.1,6,12.280009271236558,5.246944194224193,54.284981606577446
0.3,0.6,0.45,0.5,0.0,0.17,0.25,7,12.976542813905724,4.566170657522333,54.24457534214013
0.3,0.6,0.45,0.5,0.0,0.17,0.5,8,13.369545514563486,4.1568809647553415,54.221871191928386
0.3,0.6,0.45,0.5,0.0,0.08,0.1,7,11.691200992953599,6.387403392184486,54.31930660058417
0.3,0.6,0.45,0.5,0.0,0.08,0.25,8,12.287176077915497,5.7998983284078465,54.28456476384936
0.3,0.6,0.45,0.5,0.0,0.08,0.5,9,12.651520135296712,5.41122550800811,54.263403421777646
0.3,0.6,0.45,0.5,0.0,0.04,0.1,8,11.02666873594471,7.457719930754328,54.358232784484784
0.3,0.6,0.45,0.5,0.0,0.04,0.25,9,11.500392314735652,7.021129171766047,54.33046320412238
0.3,0.6,0.45,0.5,0.0,0.04,0.5,10,11.79950239845553,6.718961396473808,54.31298147179257
0.3,0.6,0.45,0.75,0.5,0.17,0.1,5,9.846341045628337,4.337136342427042,56.64712135707182
0.3,0.6,0.45,0.75,0.5,0.17,0.25,6,10.348034807535168,3.879830573090907,56.6188904721669
0.3,0.6,0.45,0.75,0.5,0.17,0.5,7,10.641827528496272,3.599082323974646,56.60240945427177
0.3,0.6,0.45,0.75,0.5,0.08,0.1,6,9.490406027081,5.112461543377106,56.66721732458204
0.3,0.6,0.45,0.75,0.5,0.08,0.25,7,9.955669063247253,4.6843975995879985,56.640959940039494
0.3,0.6,0.45,0.75,0.5,0.08,0.5,8,10.247763050694969,4.3949961092585195,56.62452406984819
0.3,0.6,0.45,0.75,0.5,0.04,0.1,7,9.078293940848603,5.857873018912669,56.69055509998635
0.3,0.6,0.45,0.75,0.5,0.04,0.25,8,9.46935438824157,5.522847766538217,56.66840764579158
0.3,0.6,0.45,0.75,0.5,0.04,0.5,9,9.720789463485225,5.285836584924635,56.654203575721596
0.3,0.6,0.45,0.75,0.25,0.17,0.1,6,12.462626132010346,5.294798642568817,54.119851419671924
0.3,0.6,0.45,0.75,0.25,0.17,0.25,7,13.168937270572112,4.602126419593748,54.0787980677263
0.3,0.6,0.45,0.75,0.25,0.17,0.5,8,13.566485335638244,4.1864827445503305,54.05578763938652
0.3,0.6,0.45,0.75,0.25,0.08,0.1,7,11.857436856009528,6.457499065719076,54.15520338467039
0.3,0.6,0.45,0.75,0.25,0.08,0.25,8,12.460882219054191,5.8607557355241475,54.11995305536301
0.3,0.6,0.45,0.75,0.25,0.08,0.5,9,12.829312763427868,5.466620303259749,54.098510773606364
0.3,0.6,0.45,0.75,0.25,0.04,0.1,8,11.17492015237862,7.548844405327795,54.19526965586395
0.3,0.6,0.45,0.75,0.25,0.04,0.25,9,11.654248764239107,7.1056203740596064,54.16710932616351
0.3,0.6,0.45,0.75,0.25,0.04,0.5,10,11.956694383696508,6.799370823709264,54.149394062002145
0.3,0.6,0.45,0.75,0.0,0.17,0.1,7,15.042810672941243,6.447467182441363,51.566357145348164
0.3,0.6,0.45,0.75,0.0,0.17,0.25,8,15.949089075934175,5.506878739712192,51.51203340806608
0.3,0.6,0.45,0.75,0.0,0.17,0.5,9,16.445309828033295,4.953970048912501,51.482443178403905
0.3,0.6,0.45,0.75,0.0,0.08,0.1,8,14.138950236551228,7.9891439293667394,51.6209025293904
0.3,0.6,0.45,0.75,0.0,0.08,0.25,9,14.881333381993178,7.225945925050473,51.57607482250227
0.3,0.6,0.45,0.75,0.0,0.08,0.5,10,15.324301211413104,6.736817083320662,51.5494450100711
0.3,0.6,0.45,0.75,0.0,0.04,0.1,9,13.158462311032903,9.410007374353098,51.680492416924416
0.3,0.6,0.45,0.75,0.0,0.04,0.25,10,13.734358497935872,8.85879286060707,51.64543851874643
0.3,0.6,0.45,0.75,0.0,0.04,0.5,11,14.09068275985077,8.49138634593473,51.623825733677585
0.3,0.6,0.45,0.9,0.5,0.17,0.1,6,10.481396021998801,4.53913137598148,56.045617729096655
0.3,0.6,0.45,0.9,0.5,0.17,0.25,7,11.030577729577672,4.028788866902358,56.01447133966939
0.3,0.6,0.45,0.9,0.5,0.17,0.5,8,11.34873922888291,3.7173746626041706,55.996487431829635
0.3,0.6,0.45,0.9,0.5,0.08,0.1,7,10.071977102507624,5.403836026087311,56.068924047408665
0.3,0.6,0.45,0.9,0.5,0.08,0.25,8,10.569843086452613,4.936291225972263,56.04059257419036
0.3,0.6,0.45,0.9,0.5,0.08,0.5,9,10.880070713369028,4.621718392394499,56.02299406247354
0.3,0.6,0.45,0.9,0.5,0.04,0.1,8,9.598907192133655,6.231612958306152,56.095946433262625
0.3,0.6,0.45,0.9,0.5,0.04,0.25,9,10.010276667298612,5.871239169916976,56.07244280716284
0.3,0.6,0.45,0.9,0.5,0.04,0.5,10,10.273510622261227,5.617246918132083,56.057442410948944
0.3,0.6,0.45,0.9,0.25,0.17,0.1,7,13.610469024120553,5.757191542533098,53.001854782826044
0.3,0.6,0.45,0.9,0.25,0.17,0.25,8,14.402899034238882,4.960766010854966,52.955164052702756
0.3,0.6,0.45,0.9,0.25,0.17,0.5,9,14.842725385701861,4.487590167564128,52.9293685689961
0.3,0.6,0.45,0.9,0.25,0.08,0.1,8,12.881445494785737,7.08933166170676,53.04505673112938
0.3,0.6,0.45,0.9,0.25,0.08,0.25,9,13.544844500118769,6.419773588300215,53.005733945829505
0.3,0.6,0.45,0.9,0.25,0.08,0.5,10,13.945741564128578,5.983088543527423,52.98206624551662
0.3,0.6,0.45,0.9,0.25,0.04,0.1,9,12.070742705768911,8.328611716194603,53.093380747917095
0.3,0.6,0.45,0.9,0.25,0.04,0.25,10,12.59115876963568,7.837880037196674,53.06232572504255
0.3,0.6,0.45,0.9,0.25,0.04,0.5,11,12.916948427013008,7.50372819414277,53.04294729485854
0.3,0.6,0.45,0.9,0.0,0.17,0.1,8,16.658693295649663,7.291367758121384,49.922698500015464
0.3,0.6,0.45,0.9,0.0,0.17,0.25,9,17.685958242987688,6.200576389480717,49.859939635944414
0.3,0.6,0.45,0.9,0.0,0.17,0.5,10,18.23996113227755,5.569086008886094,49.82628850411205
0.3,0.6,0.45,0.9,0.0,0.08,0.1,9,15.54960574858879,9.05654719382305,49.990990207338406
0.3,0.6,0.45,0.9,0.0,0.08,0.25,10,16.3854671041461,8.188603350766286,49.93947048399563
0.3,0.6,0.45,0.9,0.0,0.08,0.5,11,16.876603255780644,7.644305902652879,49.90934621961135
0.3,0.6,0.45,0.9,0.0,0.04,0.1,10,14.368194136995527,10.67795161500442,50.06435605032944
0.3,0.6,0.45,0.9,0.0,0.04,0.25,11,15.011799033018768,10.058822133156783,50.02430797525553
0.3,0.6,0.45,0.9,0.0,0.04,0.5,12,15.40414113831503,9.656726706969424,49.99998877792158
0.3,0.6,0.8,0.5,0.5,0.17,0.1,5,12.464497520777428,4.415962176582521,58.252444121207205
0.3,0.6,0.8,0.5,0.5,0.17,0.25,6,12.997775986101189,3.9429553826980412,58.22422192938882
0.3,0.6,0.8,0.5,0.5,0.17,0.5,7,13.31216822162904,3.650499230735569,58.20763709462183
0.3,0.6,0.8,0.5,0.5,0.08,0.1,6,12.097090185476556,5.198956546297875,58.27195488389844
0.3,0.6,0.8,0.5,0.5,0.08,0.25,7,12.584668236074403,4.7633350140545145,58.24607444406684
0.3,0.6,0.8,0.5,0.5,0.08,0.5,8,12.890882730307363,4.468785100012659,58.22986977810548
0.3,0.6,0.8,0.5,0.5,0.04,0.1,7,11.678437305267941,5.939892034730584,58.29425391167079
0.3,0.6,0.8,0.5,0.5,0.04,0.25,8,12.084431317239286,5.602497030450995,58.272628095450244
0.3,0.6,0.8,0.5,0.5,0.04,0.5,9,12.344366077803581,5.365120275438255,58.25881755035235
0.3,0.6,0.8,0.5,0.25,0.17,0.1,6,14.341062677351513,5.038925647126859,56.572156067305926
0.3,0.6,0.8,0.5,0.25,0.17,0.25,7,15.016326406538605,4.409813882482901,56.53560964734752
0.3,0.6,0.8,0.5,0.25,0.17,0.5,8,15.402217724218993,4.028039059710258,56.51480705580614
0.3,0.6,0.8,0.5,0.25,0.08,0.1,7,13.809899550543614,6.077291132414203,56.60103373995793
0.3,0.6,0.8,0.5,0.25,0.08,0.25,8,14.392073479244516,5.529859584505735,56.569388825349876
0.3,0.6,0.8,0.5,0.25,0.08,0.5,9,14.750161573457676,5.165287372593394,56.54999292492282
0.3,0.6,0.8,0.5,0.25,0.04,0.1,8,13.209828777494327,7.049637952591212,56.633797010200325
0.3,0.6,0.8,0.5,0.25,0.04,0.25,9,13.674257328743145,6.641686932248919,56.608426696238865
0.3,0.6,0.8,0.5,0.25,0.04,0.5,10,13.968113868179888,6.357783352751299,56.59242006484627
0.3,0.6,0.8,0.5,0.0,0.17,0.1,7,16.214352763668426,5.737444774468075,54.87881583990231
0.3,0.6,0.8,0.5,0.0,0.17,0.25,8,17.027947796456154,4.948453235730324,54.833824221899995
0.3,0.6,0.8,0.5,0.0,0.17,0.5,9,17.48205394268767,4.477556341388519,54.80882871357969
0.3,0.6,0.8,0.5,0.0,0.08,0.1,8,15.49495496073341,7.034236770853923,54.918823841259346
0.3,0.6,0.8,0.5,0.0,0.08,0.25,9,16.171026198662485,6.375339093353167,54.881219352158574
0.3,0.6,0.8,0.5,0.0,0.08,0.5,10,16.580298454313237,5.944247189986578,54.85854582939928
0.3,0.6,0.8,0.5,0.0,0.04,0.1,9,14.698007528299527,8.233583123923841,54.963394780350875
0.3,0.6,0.8,0.5,0.0,0.04,0.25,10,15.2246566209582,7.753913495901503,54.93391121246371
0.3,0.6,0.8,0.5,0.0,0.04,0.5,11,15.554492848621804,7.42620952587278,54.91550465457182
0.3,0.6,0.8,0.75,0.5,0.17,0.1,6,13.158690884716574,4.548786642233633,57.67863608749047
0.3,0.6,0.8,0.75,0.5,0.17,0.25,7,13.726575605056567,4.037811803465501,57.6483598637838
0.3,0.6,0.8,0.75,0.5,0.17,0.5,8,14.056984019207942,3.7249149180364003,57.63080403993926
0.3,0.6,0.8,0.75,0.5,0.08,0.1,7,12.744608913033195,5.404274599591533,57.700794677742614
0.3,0.6,0.8,0.75,0.5,0.08,0.25,8,13.257719038070315,4.938007024299772,57.67334713634772
0.3,0.6,0.8,0.75,0.5,0.08,0.5,9,13.577744661505498,4.624192110833219,57.656282088806634
0.3,0.6,0.8,0.75,0.5,0.04,0.1,8,12.26896804000026,6.218600416440664,57.72633369107283
0.3,0.6,0.8,0.75,0.5,0.04,0.25,9,12.692004891239694,5.860112228214537,57.703614645815236
0.3,0.6,0.8,0.75,0.5,0.04,0.5,10,12.96237170273955,5.607921979628775,57.689132951585286
0.3,0.6,0.8,0.75,0.25,0.17,0.1,7,15.97311861615287,5.5450325473019735,55.146375506069376
0.3,0.6,0.8,0.75,0.25,0.17,0.25,8,16.752701830619408,4.7957025619542755,55.103426128143326
0.3,0.6,0.8,0.75,0.25,0.17,0.5,9,17.188767863270815,4.347896212777407,55.079509147319605
0.3,0.6,0.8,0.75,0.25,0.08,0.1,8,15.29040056191533,6.78959837031041,55.18419205335161
0.3,0.6,0.8,0.75,0.25,0.08,0.25,9,15.94590370629463,6.155115374629405,55.14787931530787
0.3,0.6,0.8,0.75,0.25,0.08,0.5,10,16.344218529904865,5.738329577509683,55.12589983194195
0.3,0.6,0.8,0.75,0.25,0.04,0.1,9,14.52854047013905,7.948569510784645,55.22661965920601
0.3,0.6,0.8,0.75,0.25,0.04,0.25,10,15.044067224302871,7.4817250493598735,55.197883875882034
0.3,0.6,0.8,0.75,0.25,0.04,0.5,11,15.367983401274078,7.161370736031998,55.17988499758009
0.3,0.6,0.8,0.75,0.0,0.17,0.1,8,18.758725431448653,6.752983317924116,52.5864664975572
0.3,0.6,0.8,0.75,0.0,0.17,0.25,9,19.74451766404437,5.754959809762519,52.530441181401244
0.3,0.6,0.8,0.75,0.0,0.17,0.5,10,20.28172057946915,5.171154732687919,52.500076664047036
0.3,0.6,0.8,0.75,0.0,0.08,0.1,9,17.758487515082333,8.367629879359532,52.64372171588656
0.3,0.6,0.8,0.75,0.0,0.08,0.25,10,18.56012865942742,7.566368787705405,52.59780152051394
0.3,0.6,0.8,0.75,0.0,0.08,0.5,11,19.03623095289526,7.056266615441237,52.57065489571795
0.3,0.6,0.8,0.75,0.0,0.04,0.1,10,16.68237248605653,9.852582954475295,52.70578763747309
0.3,0.6,0.8,0.75,0.0,0.04,0.25,11,17.300596504921838,9.277634962015327,52.67007133216591
0.3,0.6,0.8,0.75,0.0,0.04,0.5,12,17.681430539174304,8.897326646597428,52.648149853334694
0.3,0.6,0.8,0.9,0.5,0.17,0.1,7,13.575828887986141,4.631471604680806,57.333548934102716
0.3,0.6,0.8,0.9,0.5,0.17,0.25,8,14.164484878815497,4.097357101218671,57.30202782636309
0.3,0.6,0.8,0.9,0.5,0.17,0.5,9,14.504557982454024,3.7719823442503833,57.28388116612189
0.3,0.6,0.8,0.9,0.5,0.08,0.1,8,13.132117730609405,5.531234172895281,57.357401286324446
0.3,0.6,0.8,0.9,0.5,0.08,0.25,9,13.660685000503413,5.046338040051179,57.32899646844578
0.3,0.6,0.8,0.9,0.5,0.08,0.5,10,13.989183560323216,4.720884864521446,57.311400194706486
0.3,0.6,0.8,0.9,0.5,0.04,0.1,9,12.621112046019544,6.389729066918867,57.384970710246705
0.3,0.6,0.8,0.9,0.5,0.04,0.25,10,13.054876881836552,6.018129666528671,57.36156167453248
0.3,0.6,0.8,0.9,0.5,0.04,0.5,11,13.331837176756522,5.756971144145083,57.346655165640236
0.3,0.6,0.8,0.9,0.25,0.17,0.1,8,16.952695547568773,5.8725271264336865,54.286410546471096
0.3,0.6,0.8,0.9,0.25,0.17,0.25,9,17.794210798409793,5.048748358242174,54.23956549935354
0.3,0.6,0.8,0.9,0.25,0.17,0.5,10,18.260024169016265,4.561240119396256,54.21375804022113
0.3,0.6,0.8,0.9,0.25,0.08,0.1,9,16.170851299202795,7.241874221971459,54.33019348959199
0.3,0.6,0.8,0.9,0.25,0.08,0.25,10,16.872094140431983,6.553922021195733,54.29091257229259
0.3,0.6,0.8,0.9,0.25,0.08,0.5,11,17.295073012198657,6.10647730795159,54.26731649971048
0.3,0.6,0.8,0.9,0.25,0.04,0.1,10,15.305500582891106,8.512621864463604,54.378948220123306
0.3,0.6,0.8,0.9,0.25,0.04,0.25,11,15.853706870217433,8.010059188938207,54.34802547624308
0.3,0.6,0.8,0.9,0.25,0.04,0.5,12,16.1963208830713,7.668982815568551,54.32876322954912
0.3,0.6,0.8,0.9,0.0,0.17,0.1,9,20.26419224003193,7.436820900669845,51.20128493331592
0.3,0.6,0.8,0.9,0.0,0.17,0.25,10,21.352086716719974,6.317989447179128,51.138467058755154
0.3,0.6,0.8,0.9,0.0,0.17,0.5,11,21.93761545302422,5.671932803937072,51.10485665761056
0.3,0.6,0.8,0.9,0.0,0.08,0.1,10,19.084140165197038,9.236702379355878,51.269977347086495
0.3,0.6,0.8,0.9,0.0,0.08,0.25,11,19.96744891599489,8.349225469121686,51.218504201006795
0.3,0.6,0.8,0.9,0.0,0.08,0.5,12,20.48542209113935,7.794402155785413,51.18847120225824
0.3,0.6,0.8,0.9,0.0,0.04,0.1,11,17.829921707833773,10.89003637030372,51.34362968956372
0.3,0.6,0.8,0.9,0.0,0.04,0.25,12,18.508598783767294,10.258248548591341,51.30369229768911
0.3,0.6,0.8,0.9,0.0,0.04,0.5,13,18.921553255764167,9.84930666894616,51.27948743396793
0.5,0.2,0.3,0.5,0.5,0.17,0.1,2,3.9763464190261555,3.164695778658406,58.53055354355309
0.5,0.2,0.3,0.5,0.5,0.17,0.25,3,4.137219019735738,3.039313858606072,58.521393660409096
0.5,0.2,0.3,0.5,0.5,0.17,0.5,4,4.231611543150149,2.9649072762889106,58.516024713752266
0.5,0.2,0.3,0.5,0.5,0.08,0.1,3,3.878104488915124,3.4035436635225187,58.5361532912535
0.5,0.2,0.3,0.5,0.5,0.08,0.25,4,4.078452158562995,3.249845191883753,58.524738364444254
0.5,0.2,0.3,0.5,0.5,0.08,0.5,5,4.206049698342862,3.148723990032475,58.517478232770216
0.5,0.2,0.3,0.5,0.5,0.04,0.1,4,3.771732321633947,3.6530024215955517,58.5422215796976
0.5,0.2,0.3,0.5,0.5,0.04,0.25,5,3.986461115061868,3.50053808585995,58.52997726776172
0.5,0.2,0.3,0.5,0.5,0.04,0.5,6,4.1321761245106,3.3912940033958434,58.52168061230441
0.5,0.2,0.3,0.5,0.25,0.17,0.1,3,4.944995897091076,3.3348463503855665,57.60808754971025
0.5,0.2,0.3,0.5,0.25,0.17,0.25,4,5.1690400999833575,3.152321584622627,57.59517060106488
0.5,0.2,0.3,0.5,0.25,0.17,0.5,5,5.300029358294722,3.043541722511997,57.5876295245418
0.5,0.2,0.3,0.5,0.25,0.08,0.1,4,4.806115138929745,3.676811623755391,57.61610639359866
0.5,0.2,0.3,0.5,0.25,0.08,0.25,5,5.066243311268348,3.464642882217058,57.60109427190246
0.5,0.2,0.3,0.5,0.25,0.08,0.5,6,5.232298260526291,3.3227811797546574,57.5915278121736
0.5,0.2,0.3,0.5,0.25,0.04,0.1,5,4.640127501420754,4.040780874377304,57.62570231980304
0.5,0.2,0.3,0.5,0.25,0.04,0.25,6,4.902173152579925,3.841962849170781,57.61055912414197
0.5,0.2,0.3,0.5,0.25,0.04,0.5,7,5.078260934492218,3.69814765613527,57.600401499307665
0.5,0.2,0.3,0.5,0.0,0.17,0.1,4,5.91383378749355,3.523750804678294,56.68153725851972
0.5,0.2,0.3,0.5,0.0,0.17,0.25,5,6.20042318553462,3.280505345551496,56.664811749465784
0.5,0.2,0.3,0.5,0.0,0.17,0.5,6,6.366950342203159,3.135334597976511,56.655110899280146
0.5,0.2,0.3,0.5,0.0,0.08,0.1,5,5.723993812594652,3.9783701817559343,56.692637791473246
0.5,0.2,0.3,0.5,0.0,0.08,0.25,6,6.038672497493458,3.7079857733269237,56.67424684267745
0.5,0.2,0.3,0.5,0.0,0.08,0.5,7,6.23878290317017,3.525893181387389,56.662575992551155
0.5,0.2,0.3,0.5,0.0,0.04,0.1,6,5.48749455696127,4.461858775157633,56.70649056206665
0.5,0.2,0.3,0.5,0.0,0.04,0.25,7,5.7885891698097325,4.220115350936497,56.68885878405413
0.5,0.2,0.3,0.5,0.0,0.04,0.5,8,5.988619223622504,4.044979899798683,56.677169003820715
0.5,0.2,0.3,0.75,0.5,0.17,0.1,3,4.671019177802949,3.2906452576816285,57.865720394079446
0.5,0.2,0.3,0.75,0.5,0.17,0.25,4,4.87885177910683,3.1231623276837586,57.853778987599426
0.5,0.2,0.3,0.75,0.5,0.17,0.5,5,5.000747690558449,3.02323636254291,57.846784666103154
0.5,0.2,0.3,0.75,0.5,0.08,0.1,4,4.5438289818599875,3.6045868820912217,57.87303837036178
0.5,0.2,0.3,0.75,0.5,0.08,0.25,5,4.788876748214976,3.4077064208880423,57.858946177382975
0.5,0.2,0.3,0.75,0.5,0.08,0.5,6,4.945472262251593,3.2763914660883713,57.849955477385485
0.5,0.2,0.3,0.75,0.5,0.04,0.1,5,4.395117664260151,3.937136487998758,57.88160426305009
0.5,0.2,0.3,0.75,0.5,0.04,0.25,6,4.645630846485327,3.7501833314922797,57.867180520257236
0.5,0.2,0.3,0.75,0.5,0.04,0.5,7,4.814539266994466,3.61515557048896,57.857472013150115
0.5,0.2,0.3,0.75,0.25,0.17,0.1,4,6.124020432493471,3.5736754000568984,56.47609153979427
0.5,0.2,0.3,0.75,0.25,0.17,0.25,5,6.425678615865871,3.315217057552712,56.45843917849488
0.5,0.2,0.3,0.75,0.25,0.17,0.5,6,6.600845350747808,3.1608025132378876,56.448208486331495
0.5,0.2,0.3,0.75,0.25,0.08,0.1,5,5.92083933124774,4.056072417271219,56.48800549849595
0.5,0.2,0.3,0.75,0.25,0.08,0.25,6,6.247878985632793,3.7719481745565506,56.46883841702497
0.5,0.2,0.3,0.75,0.25,0.08,0.5,7,6.455638608447156,3.5803965523356194,56.45668832891826
0.5,0.2,0.3,0.75,0.25,0.04,0.1,6,5.666984846590739,4.567454937449004,56.502918356718624
0.5,0.2,0.3,0.75,0.25,0.04,0.25,7,5.976458034954502,4.316038477688296,56.48474223091458
0.5,0.2,0.3,0.75,0.25,0.04,0.5,8,6.181544529264271,4.13399098199592,56.47272204263164
0.5,0.2,0.3,0.75,0.0,0.17,0.1,5,7.575322870849255,3.900069594969994,55.07752034015843
0.5,0.2,0.3,0.75,0.0,0.17,0.25,6,7.9694181578858325,3.543798500265631,55.05404708005387
0.5,0.2,0.3,0.75,0.0,0.17,0.5,7,8.19545626214271,3.3313826438767764,55.04061682948817
0.5,0.2,0.3,0.75,0.0,0.08,0.1,6,7.274618584480619,4.566680681473201,55.09548063689421
0.5,0.2,0.3,0.75,0.0,0.08,0.25,7,7.675797937755791,4.196274388675828,55.07152881274372
0.5,0.2,0.3,0.75,0.0,0.08,0.5,8,7.927825724071358,3.9469402539682727,55.05652095554069
0.5,0.2,0.3,0.75,0.0,0.04,0.1,7,6.8970933607100715,5.261610495128157,55.118090449600274
0.5,0.2,0.3,0.75,0.0,0.04,0.25,8,7.257213860464939,4.949097740388693,55.0965214970272
0.5,0.2,0.3,0.75,0.0,0.04,0.5,9,7.492493905310038,4.7246482036951445,55.082463203629885
0.5,0.2,0.3,0.9,0.5,0.17,0.1,4,5.087839933115523,3.371067419194105,57.46579982297273
0.5,0.2,0.3,0.9,0.5,0.17,0.25,5,5.323691868657776,3.1773501079438353,57.452175659055335
0.5,0.2,0.3,0.9,0.5,0.17,0.5,6,5.461797928822487,3.0615644192895446,57.44420999382469
0.5,0.2,0.3,0.9,0.5,0.08,0.1,5,4.940639605215935,3.732669063078267,57.47431624950693
0.5,0.2,0.3,0.9,0.5,0.08,0.25,6,5.211000148952349,3.5099437152668673,57.458682114846205
0.5,0.2,0.3,0.9,0.5,0.08,0.5,7,5.383723684513231,3.3606081580908747,57.4487120516364
0.5,0.2,0.3,0.9,0.5,0.04,0.1,6,4.763575979391965,4.116585638106019,57.48457402458668
0.5,0.2,0.3,0.9,0.5,0.04,0.25,7,5.032949109353746,3.9100685627607934,57.468974391849535
0.5,0.2,0.3,0.9,0.5,0.04,0.5,8,5.213646294278784,3.760600934194089,57.45852926649383
0.5,0.2,0.3,0.9,0.25,0.17,0.1,5,6.8308390360017235,3.7310814886039574,55.794049379854826
0.5,0.2,0.3,0.9,0.25,0.17,0.25,6,7.178590678259189,3.4247905700026178,55.773521212935215
0.5,0.2,0.3,0.9,0.25,0.17,0.5,7,7.379422761209642,3.241835379920942,55.76169186316535
0.5,0.2,0.3,0.9,0.25,0.08,0.1,6,6.582121265521068,4.302939015179205,55.80876662787435
0.5,0.2,0.3,0.9,0.25,0.08,0.25,7,6.946547753702381,3.976027362358401,55.78721261520029
0.5,0.2,0.3,0.9,0.25,0.08,0.5,8,7.176884863803101,3.755512480665729,55.77362176964069
0.5,0.2,0.3,0.9,0.25,0.04,0.1,7,6.269490359571583,4.904345816855068,55.82730758862001
0.5,0.2,0.3,0.9,0.25,0.04,0.25,8,6.604391868527637,4.622651052108239,55.80744762175212
0.5,0.2,0.3,0.9,0.25,0.04,0.5,9,6.824697370269894,4.4192746858174825,55.79441244364081
0.5,0.2,0.3,0.9,0.0,0.17,0.1,6,8.569394260257424,4.154318719295336,54.1096478641655
0.5,0.2,0.3,0.9,0.0,0.17,0.25,7,9.027279454812366,3.726600769593802,54.08204914694801
0.5,0.2,0.3,0.9,0.0,0.17,0.5,8,9.287621072082652,3.472224442273141,54.066401506151365
0.5,0.2,0.3,0.9,0.0,0.08,0.1,7,8.189846641733167,4.954950910474312,54.13260056558736
0.5,0.2,0.3,0.9,0.0,0.08,0.25,8,8.640157259488968,4.525084449539529,54.10537616277191
0.5,0.2,0.3,0.9,0.0,0.08,0.5,9,8.920665958950291,4.237297805544499,54.08846631695955
0.5,0.2,0.3,0.9,0.0,0.04,0.1,8,7.718832469606318,5.777233426123542,54.161180767686766
0.5,0.2,0.3,0.9,0.0,0.04,0.25,9,8.112972647415884,5.423003690237346,54.13725783443556
0.5,0.2,0.3,0.9,0.0,0.04,0.5,10,8.368180052270136,5.171228583118685,54.121807478204566
0.5,0.2,0.45,0.5,0.5,0.17,0.1,3,4.904068315768972,3.234061410776725,58.693338739826196
0.5,0.2,0.45,0.5,0.5,0.17,0.25,4,5.090108969790452,3.0875161018073354,58.682881724765565
0.5,0.2,0.45,0.5,0.5,0.17,0.5,5,5.200608121188344,2.999261597184917,58.676678272271175
0.5,0.2,0.45,0.5,0.5,0.08,0.1,4,4.791683912403255,3.507932139733568,58.699663371682654
0.5,0.2,0.45,0.5,0.5,0.08,0.25,5,5.015499674129509,3.333515234162532,58.68707347367861
0.5,0.2,0.45,0.5,0.5,0.08,0.5,6,5.159275639225869,3.2173272668963886,58.67899803495651
0.5,0.2,0.45,0.5,0.5,0.04,0.1,5,4.667216165474275,3.792311886178041,58.706674803914574
0.5,0.2,0.45,0.5,0.5,0.04,0.25,6,4.900901821211567,3.623538919134302,58.69351686040104
0.5,0.2,0.45,0.5,0.5,0.04,0.5,7,5.059591954904552,3.5020065196180012,58.68459594353522
0.5,0.2,0.45,0.5,0.25,0.17,0.1,4,5.890245797180915,3.4108307577169574,57.77004029233144
0.5,0.2,0.45,0.5,0.25,0.17,0.25,5,6.1399078502586635,3.20577301909588,57.75583072714944
0.5,0.2,0.45,0.5,0.25,0.17,0.5,6,6.286807623511437,3.0824858816087572,57.74748327967192
0.5,0.2,0.45,0.5,0.25,0.08,0.1,5,5.733994207717452,3.790712232902775,57.77894799939249
0.5,0.2,0.45,0.5,0.25,0.08,0.25,6,6.016219490449082,3.558006504336985,57.76286688963278
0.5,0.2,0.45,0.5,0.25,0.08,0.5,7,6.196894932118169,3.401460699996299,57.75259131254361
0.5,0.2,0.45,0.5,0.25,0.04,0.1,6,5.546383923211051,4.191045860443593,57.789658345524295
0.5,0.2,0.45,0.5,0.25,0.04,0.25,7,5.824510569410113,3.9776110586148863,57.7737864013872
0.5,0.2,0.45,0.5,0.25,0.04,0.5,8,6.010861417919355,3.8231785265499885,57.76317184906691
0.5,0.2,0.45,0.5,0.0,0.17,0.1,5,6.876987616198771,3.6064174442168766,56.84260876145017
0.5,0.2,0.45,0.5,0.0,0.17,0.25,6,7.189601414310753,3.3394596883321284,56.82459778286382
0.5,0.2,0.45,0.5,0.0,0.17,0.5,7,7.3718186134127395,3.1792644461625983,56.81412025378945
0.5,0.2,0.45,0.5,0.0,0.08,0.1,6,6.666627388968571,4.101111968056965,56.85475392048095
0.5,0.2,0.45,0.5,0.0,0.08,0.25,7,7.002359674148084,3.810514566857479,56.83538014031446
0.5,0.2,0.45,0.5,0.0,0.08,0.5,8,7.215877317304797,3.6142967177541596,56.82308597108586
0.5,0.2,0.45,0.5,0.0,0.04,0.1,7,6.405503075288954,4.621620154807269,56.869858538780186
0.5,0.2,0.45,0.5,0.0,0.04,0.25,8,6.721037919744499,4.366334747410659,56.85161055857335
0.5,0.2,0.45,0.5,0.0,0.04,0.5,9,6.929925298234729,4.181688336697912,56.83955562869265
0.5,0.2,0.45,0.75,0.5,0.17,0.1,4,5.500515033348052,3.3277535890724783,58.14216088748222
0.5,0.2,0.45,0.75,0.5,0.17,0.25,5,5.722095231951152,3.149101405558172,58.12961317532774
0.5,0.2,0.45,0.75,0.5,0.17,0.5,6,5.852581690373637,3.04195324924553,58.12223448972681
0.5,0.2,0.45,0.75,0.5,0.08,0.1,5,5.364524267073056,3.660416420488402,58.14987300517296
0.5,0.2,0.45,0.75,0.5,0.08,0.25,6,5.622037139518499,3.45302898342323,58.135276501992216
0.5,0.2,0.45,0.75,0.5,0.08,0.5,7,5.786961734046603,3.314169901854095,58.1259441603853
0.5,0.2,0.45,0.75,0.5,0.04,0.1,6,5.204771628070604,4.011238393593138,58.158943578671874
0.5,0.2,0.45,0.75,0.5,0.04,0.25,7,5.464967242922425,3.8164958795165473,58.14417600100924
0.5,0.2,0.45,0.75,0.5,0.04,0.5,8,5.640213552766005,3.675755630093231,58.13424736827382
0.5,0.2,0.45,0.75,0.25,0.17,0.1,5,6.9808905930968335,3.615969881874168,56.75193011771913
0.5,0.2,0.45,0.75,0.25,0.17,0.25,6,7.297096150827165,3.345364718145765,56.733691895618186
0.5,0.2,0.45,0.75,0.25,0.17,0.5,7,7.480963047289979,3.183291463863009,56.72310792449451
0.5,0.2,0.45,0.75,0.25,0.08,0.1,6,6.76613245371025,4.118884544165618,56.76434338354207
0.5,0.2,0.45,0.75,0.25,0.08,0.25,7,7.105269380100987,3.8244003895033254,56.74475064574101
0.5,0.2,0.45,0.75,0.25,0.08,0.5,8,7.320690204356328,3.625662923689398,56.73233287681397
0.5,0.2,0.45,0.75,0.25,0.04,0.1,7,6.498382984816797,4.649240761360404,56.779849618853405
0.5,0.2,0.45,0.75,0.25,0.04,0.25,8,6.816542770051415,4.390819091439005,56.76142768871048
0.5,0.2,0.45,0.75,0.25,0.04,0.5,9,7.027014960943601,4.203890647289674,56.74926686318761
0.5,0.2,0.45,0.75,0.0,0.17,0.1,6,8.460576877809345,3.947611635499202,55.352621915222436
0.5,0.2,0.45,0.75,0.0,0.17,0.25,7,8.870039497103011,3.5784069432264705,55.328581682138044
0.5,0.2,0.45,0.75,0.0,0.17,0.5,8,9.104919209722983,3.3580355033611218,55.314826459520994
0.5,0.2,0.45,0.75,0.0,0.08,0.1,7,8.145509435657171,4.635885465692759,55.37117306588538
0.5,0.2,0.45,0.75,0.0,0.08,0.25,8,8.558837785566787,4.2552568221788984,55.34684576843929
0.5,0.2,0.45,0.75,0.0,0.08,0.5,9,8.818272620688706,3.999120880833465,55.331616717813034
0.5,0.2,0.45,0.75,0.0,0.04,0.1,8,7.751541031211939,5.350016117438669,55.39443519084284
0.5,0.2,0.45,0.75,0.0,0.04,0.25,9,8.12029442548161,5.030790865413383,55.3726597253137
0.5,0.2,0.45,0.75,0.0,0.04,0.5,10,8.360839407108521,4.801898625652956,55.35848944876487
0.5,0.2,0.45,0.9,0.5,0.17,0.1,5,5.8586861059531925,3.3868271447319795,57.810728423206
0.5,0.2,0.45,0.9,0.5,0.17,0.25,6,6.101489152300998,3.1883524910349506,57.79691805982247
0.5,0.2,0.45,0.9,0.5,0.17,0.5,7,6.243844335653037,3.069526233791116,57.78883364955817
0.5,0.2,0.45,0.9,0.5,0.08,0.1,6,5.706764874768533,3.756426250236701,57.81938334663772
0.5,0.2,0.45,0.9,0.5,0.08,0.25,7,5.983631994673599,3.529252100201337,57.80361825497125
0.5,0.2,0.45,0.9,0.5,0.08,0.5,8,6.160602965416495,3.376774999800193,57.79355983361666
0.5,0.2,0.45,0.9,0.5,0.04,0.1,7,5.523848211885252,4.148133083819363,57.82981823180342
0.5,0.2,0.45,0.9,0.5,0.04,0.25,8,5.798516117276287,3.938318002036352,57.814155021827176
0.5,0.2,0.45,0.9,0.5,0.04,0.5,9,5.982652553979051,3.7864853741104647,57.80367396305688
0.5,0.2,0.45,0.9,0.25,0.17,0.1,6,7.635430312189162,3.749615516218188,56.13870454189409
0.5,0.2,0.45,0.9,0.25,0.17,0.25,7,7.991235455099899,3.438014514403436,56.118020951067635
0.5,0.2,0.45,0.9,0.25,0.17,0.5,8,8.196766325727346,3.2517786468027707,56.106099674822175
0.5,0.2,0.45,0.9,0.25,0.08,0.1,7,7.380003186569639,4.3303946380102545,56.153589146274086
0.5,0.2,0.45,0.9,0.25,0.08,0.25,8,7.751450963289774,3.998987595975894,56.13195362249639
0.5,0.2,0.45,0.9,0.25,0.08,0.5,9,7.986163683001113,3.7754446333610603,56.11831537162368
0.5,0.2,0.45,0.9,0.25,0.04,0.1,8,7.059335868074457,4.940053791089149,56.172318543284824
0.5,0.2,0.45,0.9,0.25,0.04,0.25,9,7.39969210078919,4.655241083650115,56.15244072761924
0.5,0.2,0.45,0.9,0.25,0.04,0.5,10,7.623432805605601,4.449754460213027,56.139402999269414
0.5,0.2,0.45,0.9,0.0,0.17,0.1,7,9.4093707924354,4.175713914078456,54.45381003103965
0.5,0.2,0.45,0.9,0.0,0.17,0.25,8,9.876478159491132,3.742217758305852,54.426081750414845
0.5,0.2,0.45,0.9,0.0,0.17,0.5,9,10.142008634194411,3.4843872371266476,54.41036442619832
0.5,0.2,0.45,0.9,0.0,0.08,0.1,8,9.020914129007274,4.985894802652141,54.47694686121552
0.5,0.2,0.45,0.9,0.0,0.08,0.25,9,9.478992446044954,4.551450949451732,54.44967074520108
0.5,0.2,0.45,0.9,0.0,0.08,0.5,10,9.764205566687556,4.260735751285784,54.43273720331644
0.5,0.2,0.45,0.9,0.0,0.04,0.1,9,8.539621627998661,5.816725366923876,54.50571129153461
0.5,0.2,0.45,0.9,0.0,0.04,0.25,10,8.93978467366303,5.459351996238777,54.48178792308437
0.5,0.2,0.45,0.9,0.0,0.04,0.5,11,9.198738848460742,5.205567917518944,54.466346705059124
0.5,0.2,0.8,0.5,0.5,0.17,0.1,4,6.850255605811073,3.378730001472261,59.02954020571697
0.5,0.2,0.8,0.5,0.5,0.17,0.25,5,7.088270752448,3.1880131483852687,59.01651490993718
0.5,0.2,0.8,0.5,0.5,0.17,0.5,6,7.23100238559613,3.071481839905145,59.00871586840671
0.5,0.2,0.8,0.5,0.5,0.08,0.1,5,6.705882852412226,3.7261597566781846,59.037453076928514
0.5,0.2,0.8,0.5,0.5,0.08,0.25,6,6.976420479257706,3.5099613109446546,59.02263278318767
0.5,0.2,0.8,0.5,0.5,0.08,0.5,7,7.151312479769989,3.363935706199228,59.01306913029638
0.5,0.2,0.8,0.5,0.5,0.04,0.1,6,6.540734754498256,4.083215699271956,59.04651587642101
0.5,0.2,0.8,0.5,0.5,0.04,0.25,7,6.810298462330078,3.883225964138617,59.031729283931035
0.5,0.2,0.8,0.5,0.5,0.04,0.5,8,6.992317876088094,3.73880780202656,59.02176290927328
0.5,0.2,0.8,0.5,0.25,0.17,0.1,5,7.873702555113349,3.568791179254692,58.104519474016804
0.5,0.2,0.8,0.5,0.25,0.17,0.25,6,8.176192838739095,3.3170243855438457,58.08775678639465
0.5,0.2,0.8,0.5,0.25,0.17,0.5,7,8.354938284567726,3.16426546765433,58.07787037184012
0.5,0.2,0.8,0.5,0.25,0.08,0.1,6,7.678811515732287,4.027407087067238,58.11534083626173
0.5,0.2,0.8,0.5,0.25,0.08,0.25,7,8.00522012895879,3.7534476437142112,58.09722640153655
0.5,0.2,0.8,0.5,0.25,0.08,0.5,8,8.214219823209469,3.5679662541309063,58.085652341100214
0.5,0.2,0.8,0.5,0.25,0.04,0.1,7,7.443572499131035,4.502716937948744,58.128424911279616
0.5,0.2,0.8,0.5,0.25,0.04,0.25,8,7.752850204699646,4.260836930397921,58.11122784800489
0.5,0.2,0.8,0.5,0.25,0.04,0.5,9,7.958447303494132,4.086154758752704,58.09981923252112
0.5,0.2,0.8,0.5,0.0,0.17,0.1,6,8.898488178502184,3.7777812987678643,57.175266022644124
0.5,0.2,0.8,0.5,0.0,0.17,0.25,7,9.264748681717162,3.461938637467129,57.15471943431447
0.5,0.2,0.8,0.5,0.0,0.17,0.5,8,9.47842890676245,3.271345246317355,57.14275959050183
0.5,0.2,0.8,0.5,0.0,0.08,0.1,7,8.642989482467156,4.355058592876261,57.18963416352768
0.5,0.2,0.8,0.5,0.0,0.08,0.25,8,9.021161292940416,4.023833402810894,57.168377682239694
0.5,0.2,0.8,0.5,0.0,0.08,0.5,9,9.261018164443824,3.7997604525549753,57.15492841218139
0.5,0.2,0.8,0.5,0.0,0.04,0.1,8,8.328267758486518,4.951553975074566,57.207372615849486
0.5,0.2,0.8,0.5,0.0,0.04,0.25,9,8.672564001090866,4.66940520655021,57.18796953928563
0.5,0.2,0.8,0.5,0.0,0.04,0.5,10,8.898837486797206,4.466176065737936,57.175246398846234
0.5,0.2,0.8,0.75,0.5,0.17,0.1,5,7.2298426679318295,3.4033022516921156,58.71320772175175
0.5,0.2,0.8,0.75,0.5,0.17,0.25,6,7.47984060442084,3.2017635545663907,58.699470455118174
0.5,0.2,0.8,0.75,0.5,0.17,0.5,7,7.6277486306345565,3.0800398446095194,58.691355870122884
0.5,0.2,0.8,0.75,0.5,0.08,0.1,6,7.074836765991543,3.7745464558441375,58.72173901518827
0.5,0.2,0.8,0.75,0.5,0.08,0.25,7,7.357791403445191,3.5458992032866745,58.706173574598694
0.5,0.2,0.8,0.75,0.5,0.08,0.5,8,7.539408694977712,3.391957602851899,58.696201257959935
0.5,0.2,0.8,0.75,0.5,0.04,0.1,7,6.891208839048746,4.163099937138366,58.73185933138537
0.5,0.2,0.8,0.75,0.5,0.04,0.25,8,7.170858359261967,3.9528702797173474,58.71645288338689
0.5,0.2,0.8,0.75,0.5,0.04,0.5,9,7.358594062200252,3.800910604076282,58.706129470081606
0.5,0.2,0.8,0.75,0.25,0.17,0.1,6,8.76774258115458,3.7019794189676123,57.321802873831075
0.5,0.2,0.8,0.75,0.25,0.17,0.25,7,9.114029255019162,3.4065763878739483,57.30241849555481
0.5,0.2,0.8,0.75,0.25,0.17,0.5,8,9.315591954365132,3.2290773986651318,57.29115971794152
0.5,0.2,0.8,0.75,0.25,0.08,0.1,7,8.528161356272502,4.2469541572523815,57.335245094935004
0.5,0.2,0.8,0.75,0.25,0.08,0.25,8,8.89214688026112,3.9314873188800523,57.31483291017896
0.5,0.2,0.8,0.75,0.25,0.08,0.5,9,9.12310160303198,3.718359339993005,57.30191135438207
0.5,0.2,0.8,0.75,0.25,0.04,0.1,8,8.23065474734912,4.816360069929939,57.35197279294517
0.5,0.2,0.8,0.75,0.25,0.04,0.25,9,8.566621650501705,4.543782110012542,57.333085484477486
0.5,0.2,0.8,0.75,0.25,0.04,0.5,10,8.788075253570549,4.347057258182865,57.320663234098966
0.5,0.2,0.8,0.75,0.0,0.17,0.1,7,10.307075036581882,4.044216211717191,55.92104368901618
0.5,0.2,0.8,0.75,0.0,0.17,0.25,8,10.748357296663524,3.648666163479217,55.89589571691486
0.5,0.2,0.8,0.75,0.0,0.17,0.5,9,11.00129809146324,3.412285828896823,55.88151972411922
0.5,0.2,0.8,0.75,0.0,0.08,0.1,8,9.96135252904693,4.776787036841127,55.940806178112034
0.5,0.2,0.8,0.75,0.0,0.08,0.25,9,10.399827275965357,4.3753805613358665,55.91575073835009
0.5,0.2,0.8,0.75,0.0,0.08,0.5,10,10.674470431889361,4.105561619504634,55.90010041794573
0.5,0.2,0.8,0.75,0.0,0.04,0.1,9,9.532334993326685,5.530416502422774,55.96540423511834
0.5,0.2,0.8,0.75,0.0,0.04,0.25,10,9.91905691476922,5.197462498235423,55.94322757161545
0.5,0.2,0.8,0.75,0.0,0.04,0.5,11,10.17055433517613,4.959536328894642,55.92884125176242
0.5,0.2,0.8,0.9,0.5,0.17,0.1,6,7.4579812551301305,3.4185000085588264,58.52314657927368
0.5,0.2,0.8,0.9,0.5,0.17,0.25,7,7.715169684987866,3.2103657324652106,58.508979658325956
0.5,0.2,0.8,0.9,0.5,0.17,0.5,8,7.866226663535825,3.0854338108787576,58.5006723729799
0.5,0.2,0.8,0.9,0.5,0.08,0.1,7,7.296089190161625,3.8044543058827944,58.532079124602056
0.5,0.2,0.8,0.9,0.5,0.08,0.25,8,7.586407284276375,3.5682462949402596,58.51606875457526
0.5,0.2,0.8,0.9,0.5,0.08,0.5,9,7.772091461372477,3.4094364034240856,58.50584810859334
0.5,0.2,0.8,0.9,0.5,0.04,0.1,8,7.100753319799202,4.212223317229292,58.54287235452942
0.5,0.2,0.8,0.9,0.5,0.04,0.25,9,7.38634549723598,3.995723923737539,58.52709772508462
0.5,0.2,0.8,0.9,0.5,0.04,0.5,10,7.577542335707976,3.8391178447443095,58.516557087513334
0.5,0.2,0.8,0.9,0.25,0.17,0.1,7,9.305155321124591,3.7869067215162375,56.85069974621197
0.5,0.2,0.8,0.9,0.25,0.17,0.25,8,9.677646986228972,3.464529225501582,56.82972396132685
0.5,0.2,0.8,0.9,0.25,0.17,0.5,9,9.892836984938924,3.27169843933346,56.817633973881684
0.5,0.2,0.8,0.9,0.25,0.08,0.1,8,9.035586408615593,4.3859189353684975,56.86591798388062
0.5,0.2,0.8,0.9,0.25,0.08,0.25,9,9.421601648699873,4.045359798762762,56.844135835462964
0.5,0.2,0.8,0.9,0.25,0.08,0.5,10,9.665354762506961,3.815688296692813,56.83041518718854
0.5,0.2,0.8,0.9,0.25,0.04,0.1,9,8.69793789473501,5.012586651795256,56.8850251463341
0.5,0.2,0.8,0.9,0.25,0.04,0.25,10,9.0496361303811,4.721393128198429,56.865124025022894
0.5,0.2,0.8,0.9,0.25,0.04,0.5,11,9.280517819235978,4.511593392072238,56.852089294677185
0.5,0.2,0.8,0.9,0.0,0.17,0.1,8,11.152971835553306,4.2188093705825525,55.164933435758186
0.5,0.2,0.8,0.9,0.0,0.17,0.25,9,11.639215956207561,3.7735837849182525,55.136966796329155
0.5,0.2,0.8,0.9,0.0,0.17,0.5,10,11.915452093994405,3.50879971426361,55.12112537208004
0.5,0.2,0.8,0.9,0.0,0.08,0.1,9,10.74576426721896,5.048509293760181,55.188435035514004
0.5,0.2,0.8,0.9,0.0,0.08,0.25,10,11.22001202447278,4.6047175827550015,55.16107135191365
0.5,0.2,0.8,0.9,0.0,0.08,0.5,11,11.514996288747525,4.308051548729739,55.14410142494477
0.5,0.2,0.8,0.9,0.0,0.04,0.1,10,10.242804070524736,5.896963496970535,55.21756536708256
0.5,0.2,0.8,0.9,0.0,0.04,0.25,11,10.655547115216123,5.533119717627171,55.193651854096295
0.5,0.2,0.8,0.9,0.0,0.04,0.5,12,10.922329340592585,5.275205818978493,55.17823566917735
0.5,0.4,0.3,0.5,0.5,0.17,0.1,3,7.895916996177466,3.9554224034582863,57.05342303790658
0.5,0.4,0.3,0.5,0.5,0.17,0.25,4,8.300288648892229,3.5967368705262417,57.030466325153384
0.5,0.4,0.3,0.5,0.5,0.17,0.5,5,8.539377832307071,3.376525821953743,57.01692745633715
0.5,0.4,0.3,0.5,0.5,0.08,0.1,4,7.624423056679097,4.578024681017444,57.068877520241635
0.5,0.4,0.3,0.5,0.5,0.08,0.25,5,8.022457608414491,4.221858775239825,57.04623124373399
0.5,0.4,0.3,0.5,0.5,0.08,0.5,6,8.275643424855827,3.9796951729752275,57.03186336282249
0.5,0.4,0.3,0.5,0.5,0.04,0.1,5,7.30683019653624,5.1906609790040985,57.08699859706904
0.5,0.4,0.3,0.5,0.5,0.04,0.25,6,7.657131378260762,4.89917696304495,57.06701386717997
0.5,0.4,0.3,0.5,0.5,0.04,0.5,7,7.885761342176956,4.690942201296405,57.054000536486335
0.5,0.4,0.3,0.5,0.25,0.17,0.1,4,9.799714465083941,4.582178517299781,55.1911131276712
0.5,0.4,0.3,0.5,0.25,0.17,0.25,5,10.355545613049276,4.055265163076972,55.158778527381834
0.5,0.4,0.3,0.5,0.25,0.17,0.5,6,10.674626764539763,3.736288878279357,55.14027950203347
0.5,0.4,0.3,0.5,0.25,0.08,0.1,5,9.366748188981378,5.487545037649792,55.21639761130985
0.5,0.4,0.3,0.5,0.25,0.08,0.25,6,9.870783831544404,5.003539754188653,55.186970967316576
0.5,0.4,0.3,0.5,0.25,0.08,0.5,7,10.183976601166167,4.678701369663798,55.16874436102579
0.5,0.4,0.3,0.5,0.25,0.04,0.1,6,8.864164092260696,6.360054837383205,55.245855481753466
0.5,0.4,0.3,0.5,0.25,0.04,0.25,7,9.280173800665391,5.986568763249609,55.22146369665422
0.5,0.4,0.3,0.5,0.25,0.04,0.5,8,9.546615904634814,5.7231903076377835,55.2058832475022
0.5,0.4,0.3,0.5,0.0,0.17,0.1,5,11.688584337919572,5.303773358142298,53.313993980364195
0.5,0.4,0.3,0.5,0.0,0.17,0.25,6,12.391718499837312,4.602112837933659,53.272119511290384
0.5,0.4,0.3,0.5,0.0,0.17,0.5,7,12.785166577960894,4.183697294182749,53.248785977787286
0.5,0.4,0.3,0.5,0.0,0.08,0.1,6,11.062983656170221,6.49897488487652,53.35144141125606
0.5,0.4,0.3,0.5,0.0,0.08,0.25,7,11.66821407221017,5.889438450831427,53.315210475953776
0.5,0.4,0.3,0.5,0.0,0.08,0.5,8,12.037251078608824,5.487969324865313,53.29320131778436
0.5,0.4,0.3,0.5,0.0,0.04,0.1,7,10.355781365256366,7.627886012111959,53.39399172343039
0.5,0.4,0.3,0.5,0.0,0.04,0.25,8,10.83861558545185,7.172566410609321,53.364915773655
0.5,0.4,0.3,0.5,0.0,0.04,0.5,9,11.143464802752789,6.8584779161975264,53.346613823560894
0.5,0.4,0.3,0.75,0.5,0.17,0.1,4,9.262572791428436,4.408787183490799,55.71190715627306
0.5,0.4,0.3,0.75,0.5,0.17,0.25,5,9.77881622222434,3.9273256565264827,55.68207433520731
0.5,0.4,0.3,0.75,0.5,0.17,0.5,6,10.077662459877157,3.6344890602938413,55.664859435065296
0.5,0.4,0.3,0.75,0.5,0.08,0.1,5,8.877156449608204,5.236458747601934,55.73425857672996
0.5,0.4,0.3,0.75,0.5,0.08,0.25,6,9.35362833961253,4.78657664866875,55.70663644931451
0.5,0.4,0.3,0.75,0.5,0.08,0.5,7,9.65141715218727,4.483337685681755,55.68942531453532
0.5,0.4,0.3,0.75,0.5,0.04,0.1,6,8.428014830736497,6.037629433890743,55.76039133965609
0.5,0.4,0.3,0.75,0.5,0.04,0.25,7,8.826325596735796,5.686507489736516,55.7372114665438
0.5,0.4,0.3,0.75,0.5,0.04,0.5,8,9.082412873924216,5.43787373018088,55.72234673067437
0.5,0.4,0.3,0.75,0.25,0.17,0.1,5,12.095618471438673,5.488037667737875,52.89695689876197
0.5,0.4,0.3,0.75,0.25,0.17,0.25,6,12.83299237990365,4.744914125585542,52.85281724228753
0.5,0.4,0.3,0.75,0.25,0.17,0.5,7,13.243531054180036,4.303192349592278,52.82834918670627
0.5,0.4,0.3,0.75,0.25,0.08,0.1,6,11.422975024341909,6.749544803035425,52.937439349791624
0.5,0.4,0.3,0.75,0.25,0.08,0.25,7,12.05153157555956,6.111406099374703,52.89960384441416
0.5,0.4,0.3,0.75,0.25,0.08,0.5,8,12.433218328747486,5.693117845294513,52.87671717103131
0.5,0.4,0.3,0.75,0.25,0.04,0.1,7,10.668014726852082,7.935271513851998,52.98312622658467
0.5,0.4,0.3,0.75,0.25,0.04,0.25,8,11.166428644571003,7.4616357265656355,52.952934564586705
0.5,0.4,0.3,0.75,0.25,0.04,0.5,9,11.479999063504565,7.136858496542222,52.9339992938626
0.5,0.4,0.3,0.75,0.0,0.17,0.1,6,14.865703755044791,6.816761732164664,50.05156183306623
0.5,0.4,0.3,0.75,0.0,0.17,0.25,7,15.818818916037248,5.801377589642991,49.99256351579251
0.5,0.4,0.3,0.75,0.0,0.17,0.5,8,16.335193128687298,5.211115979089027,49.96077328928388
0.5,0.4,0.3,0.75,0.0,0.08,0.1,7,13.851823206998336,8.493861857702251,50.11478395367852
0.5,0.4,0.3,0.75,0.0,0.08,0.25,8,14.636717738483608,7.670256291943625,50.065798679535
0.5,0.4,0.3,0.75,0.0,0.08,0.5,9,15.100819056957215,7.149558034892337,50.03696919775415
0.5,0.4,0.3,0.75,0.0,0.04,0.1,8,12.760375153539204,10.042624298018945,50.18338459447962
0.5,0.4,0.3,0.75,0.0,0.04,0.25,9,13.369710872820772,9.44817047203093,50.145016281413504
0.5,0.4,0.3,0.75,0.0,0.04,0.5,10,13.743633588260007,9.058063690080955,50.1215587517555
0.5,0.4,0.3,0.9,0.5,0.17,0.1,5,10.079205235899934,4.705207400364133,54.90324774808205
0.5,0.4,0.3,0.9,0.5,0.17,0.25,6,10.661191856698649,4.148191852150897,54.869263865430554
0.5,0.4,0.3,0.9,0.5,0.17,0.5,7,10.994049370284431,3.8114854948691166,54.84989615734837
0.5,0.4,0.3,0.9,0.5,0.08,0.1,6,9.617095846853196,5.658180308554923,54.93034151665979
0.5,0.4,0.3,0.9,0.5,0.08,0.25,7,10.13831199516122,5.153075716838465,54.89978931663912
0.5,0.4,0.3,0.9,0.5,0.08,0.5,8,10.461108076518855,4.814954627545839,54.88093001915107
0.5,0.4,0.3,0.9,0.5,0.04,0.1,7,9.083585719267994,6.571678253098219,54.961743586533764
0.5,0.4,0.3,0.9,0.5,0.04,0.25,8,9.510097601540712,6.185120028027105,54.93662884791546
0.5,0.4,0.3,0.9,0.5,0.04,0.5,9,9.782499633473908,5.91342115359007,54.92063255682842
0.5,0.4,0.3,0.9,0.25,0.17,0.1,6,13.45801135487459,6.103585556904421,51.510437115812024
0.5,0.4,0.3,0.9,0.25,0.17,0.25,7,14.303693414364771,5.224483273677443,51.45896891133891
0.5,0.4,0.3,0.9,0.25,0.17,0.5,8,14.766993407342444,4.7085414377411325,51.430910711235136
0.5,0.4,0.3,0.9,0.25,0.08,0.1,7,12.622673344322743,7.577162274562244,51.56159961690378
0.5,0.4,0.3,0.9,0.25,0.08,0.25,8,13.326984964456411,6.8471983025001935,51.518440780513664
0.5,0.4,0.3,0.9,0.25,0.08,0.5,9,13.749172063469906,6.376757063338549,51.49268007143216
0.5,0.4,0.3,0.9,0.25,0.04,0.1,8,11.70555931192303,8.944901412643707,51.618146666521135
0.5,0.4,0.3,0.9,0.25,0.04,0.25,9,12.256567696597687,8.41177257748138,51.58412531154111
0.5,0.4,0.3,0.9,0.25,0.04,0.5,10,12.599242728946457,8.053668561270436,51.563039371061606
0.5,0.4,0.3,0.9,0.0,0.17,0.1,7,16.70352533442474,7.892890015518307,48.077443175010856
0.5,0.4,0.3,0.9,0.0,0.17,0.25,8,17.80546446403546,6.692727834503483,48.00768728293633
0.5,0.4,0.3,0.9,0.0,0.17,0.5,9,18.392150716127897,6.0079196276039495,47.97077622420217
0.5,0.4,0.3,0.9,0.0,0.08,0.1,8,15.435161641698159,9.840861865695997,48.158436584229555
0.5,0.4,0.3,0.9,0.0,0.08,0.25,9,16.33685751999503,8.889723389361302,48.10077949521156
0.5,0.4,0.3,0.9,0.0,0.08,0.5,10,16.859609732249158,8.30446920507381,48.06752835694251
0.5,0.4,0.3,0.9,0.0,0.04,0.1,9,14.095474599098502,11.631057390898752,48.24481706228212
0.5,0.4,0.3,0.9,0.0,0.04,0.25,10,14.78887646874223,10.955764485682822,48.199999935605
0.5,0.4,0.3,0.9,0.0,0.04,0.5,11,15.206182945708036,10.526553566155167,48.173139603005396
0.5,0.4,0.45,0.5,0.5,0.17,0.1,4,9.848053090776121,4.165949184484582,57.37847953675384
0.5,0.4,0.45,0.5,0.5,0.17,0.25,5,10.311951342176574,3.751997679548056,57.352812449768365
0.5,0.4,0.45,0.5,0.5,0.17,0.5,6,10.58520287184126,3.497536363496806,57.33773694706361
0.5,0.4,0.45,0.5,0.5,0.08,0.1,5,9.528252254506665,4.872608837182842,57.396227995225566
0.5,0.4,0.45,0.5,0.5,0.08,0.25,6,9.969025970880608,4.475566075537656,57.37177727060081
0.5,0.4,0.45,0.5,0.5,0.08,0.5,7,10.24757883861065,4.206253663842765,57.35636858959068
0.5,0.4,0.45,0.5,0.5,0.04,0.1,6,9.157041436078227,5.557480152186712,57.416885419095095
0.5,0.4,0.45,0.5,0.5,0.04,0.25,7,9.534354178327508,5.241115320061182,57.395888932330365
0.5,0.4,0.45,0.5,0.5,0.04,0.5,8,9.77848170229878,5.016412416028351,57.38233686961575
0.5,0.4,0.45,0.5,0.25,0.17,0.1,5,11.824851893973154,4.822601815325026,55.512484101808134
0.5,0.4,0.45,0.5,0.25,0.17,0.25,6,12.44162938147204,4.238019863009665,55.477513267710464
0.5,0.4,0.45,0.5,0.25,0.17,0.5,7,12.79374472487509,3.8847243384116403,55.457622247041805
0.5,0.4,0.45,0.5,0.25,0.08,0.1,6,11.331866788954702,5.813756257660533,55.540555083208154
0.5,0.4,0.45,0.5,0.25,0.08,0.25,7,11.87749666934035,5.290404845726206,55.50949273649179
0.5,0.4,0.45,0.5,0.25,0.08,0.5,8,12.214526341914045,4.940860599726223,55.49037067567516
0.5,0.4,0.45,0.5,0.25,0.04,0.1,7,10.766461555346151,6.757749417501014,55.57288119946476
0.5,0.4,0.45,0.5,0.25,0.04,0.25,8,11.209216603552408,6.360486158653676,55.547555434812445
0.5,0.4,0.45,0.5,0.25,0.04,0.5,9,11.491199564665244,6.082209894920541,55.531470910002014
0.5,0.4,0.45,0.5,0.0,0.17,0.1,6,13.789697194526784,5.5730733388512,53.631267565439614
0.5,0.4,0.45,0.5,0.0,0.17,0.25,7,14.556069235062141,4.8121912341821655,53.5867825505175
0.5,0.4,0.45,0.5,0.0,0.17,0.5,8,14.982492452543973,4.359894777997464,53.56214062838607
0.5,0.4,0.45,0.5,0.0,0.08,0.1,7,13.093033455742331,6.854362365037593,53.671929666721155
0.5,0.4,0.45,0.5,0.0,0.08,0.25,8,13.741572660493562,6.205952271480979,53.63406957434117
0.5,0.4,0.45,0.5,0.0,0.08,0.5,9,14.134896452906197,5.781450491433654,53.61119836157195
0.5,0.4,0.45,0.5,0.0,0.04,0.1,8,12.314828889544938,8.0533704956101,53.71760570494084
0.5,0.4,0.45,0.5,0.0,0.04,0.25,9,12.826580376175523,7.574414930694627,53.68753848425947
0.5,0.4,0.45,0.5,0.0,0.04,0.5,10,13.148115492348422,7.24649357660002,53.66870689404628
0.5,0.4,0.45,0.75,0.5,0.17,0.1,5,11.044739011697867,4.526037691850047,56.26542672395778
0.5,0.4,0.45,0.75,0.5,0.17,0.25,6,11.596530711075337,4.0151982886591595,56.234446753090886
0.5,0.4,0.45,0.75,0.5,0.17,0.5,7,11.915087971070971,3.704710420110551,56.216621303032824
0.5,0.4,0.45,0.75,0.5,0.08,0.1,6,10.627160189484396,5.39763277907234,56.28895923752595
0.5,0.4,0.45,0.75,0.5,0.08,0.25,7,11.129351710603164,4.92695908765398,56.260667648016
0.5,0.4,0.45,0.75,0.5,0.08,0.5,8,11.442216916860492,4.61045210082076,56.24309734760033
0.5,0.4,0.45,0.75,0.5,0.04,0.1,7,10.143250251001401,6.236075109044207,56.31632524813166
0.5,0.4,0.45,0.75,0.5,0.04,0.25,8,10.55887948652714,5.872148332067722,56.29281441375138
0.5,0.4,0.45,0.75,0.5,0.04,0.5,9,10.825259372986306,5.615316187116163,56.277785949989855
0.5,0.4,0.45,0.75,0.25,0.17,0.1,6,13.995783906968807,5.628531445613951,53.44699515536939
0.5,0.4,0.45,0.75,0.25,0.17,0.25,7,14.773054143188059,4.854282418280629,53.401781738363
0.5,0.4,0.45,0.75,0.25,0.17,0.5,8,15.204534166061357,4.394957648391339,53.37679593246739
0.5,0.4,0.45,0.75,0.25,0.08,0.1,7,13.27940338179956,6.934912697098575,53.48890126203549
0.5,0.4,0.45,0.75,0.25,0.08,0.25,8,13.93667457868839,6.276021908053736,53.45044431618692
0.5,0.4,0.45,0.75,0.25,0.08,0.5,9,14.334708165070609,5.845554659707492,53.42724771411416
0.5,0.4,0.45,0.75,0.25,0.04,0.1,8,12.48036227406104,8.157011828052953,53.535911600146925
0.5,0.4,0.45,0.75,0.25,0.04,0.25,9,12.998886650674812,7.670425900365673,53.505372557102824
0.5,0.4,0.45,0.75,0.25,0.04,0.5,10,13.324330473712976,7.338069312674367,53.486266495690145
0.5,0.4,0.45,0.75,0.0,0.17,0.1,7,16.888607845310545,6.990229874660884,50.59713311125693
0.5,0.4,0.45,0.75,0.0,0.17,0.25,8,17.885629898715784,5.943487158747543,50.53715337551038
0.5,0.4,0.45,0.75,0.0,0.17,0.5,9,18.424517430850827,5.3365681198581,50.50491530282083
0.5,0.4,0.45,0.75,0.0,0.08,0.1,8,15.820112073993254,8.706824202977659,50.661901407014476
0.5,0.4,0.45,0.75,0.0,0.08,0.25,9,16.638245477151713,7.862409870922566,50.612263496445856
0.5,0.4,0.45,0.75,0.0,0.08,0.5,10,17.120778562245455,7.330461908813744,50.58312692262715
0.5,0.4,0.45,0.75,0.0,0.04,0.1,9,14.674512053037091,10.29024961241436,50.73191491303925
0.5,0.4,0.45,0.75,0.0,0.04,0.25,10,15.307647135669654,9.682976966653607,50.693147057427545
0.5,0.4,0.45,0.75,0.0,0.04,0.5,11,15.695196740596696,9.286119840363352,50.669506717857956
0.5,0.4,0.45,0.9,0.5,0.17,0.1,6,11.761621108838316,4.757526459778149,55.59489453542803
0.5,0.4,0.45,0.9,0.5,0.17,0.25,7,12.365473718793485,4.187335551780331,55.560698979720044
0.5,0.4,0.45,0.9,0.5,0.17,0.5,8,12.710378995451666,3.8429395547444756,55.54123796299151
0.5,0.4,0.45,0.9,0.5,0.08,0.1,7,11.27959726076706,5.729831459062595,55.62230490298785
0.5,0.4,0.45,0.9,0.5,0.08,0.25,8,11.817789910827535,5.215219766161071,55.59170708227491
0.5,0.4,0.45,0.9,0.5,0.08,0.5,9,12.150667596144249,4.871205565605545,55.5728451408025
0.5,0.4,0.45,0.9,0.5,0.04,0.1,8,10.724294886746556,6.660089945165201,55.65400870644177
0.5,0.4,0.45,0.9,0.5,0.04,0.25,9,11.163250978491156,6.267360114476769,55.628936198017584
0.5,0.4,0.45,0.9,0.5,0.04,0.5,10,11.443283865437426,5.9917906906788225,55.61298544450979
0.5,0.4,0.45,0.9,0.25,0.17,0.1,7,15.289019587621787,6.17200826562723,52.199237953353695
0.5,0.4,0.45,0.9,0.25,0.17,0.25,8,16.162948625691985,5.277512108923166,52.14764167043171
0.5,0.4,0.45,0.9,0.25,0.17,0.5,9,16.641621102349703,4.752518095556688,52.11952198607208
0.5,0.4,0.45,0.9,0.25,0.08,0.1,8,14.422844128461975,7.664709825698053,52.2507083317878
0.5,0.4,0.45,0.9,0.25,0.08,0.25,9,15.148618337878904,6.924702200622805,52.20755839899882
0.5,0.4,0.45,0.9,0.25,0.08,0.5,10,15.583182766926495,6.448609064863874,52.1818334061781
0.5,0.4,0.45,0.9,0.25,0.04,0.1,9,13.474016692628288,9.04921483301316,52.30747481729212
0.5,0.4,0.45,0.9,0.25,0.04,0.25,10,14.040946687432232,8.509535131040161,52.273507812662324
0.5,0.4,0.45,0.9,0.25,0.04,0.5,11,14.393181918815468,8.14769756063854,52.252476843378425
0.5,0.4,0.45,0.9,0.0,0.17,0.1,8,18.695829314339505,7.977046901471671,48.761427465828866
0.5,0.4,0.45,0.9,0.0,0.17,0.25,9,19.83301244632767,6.7609896491427595,48.691585316085586
0.5,0.4,0.45,0.9,0.0,0.17,0.5,10,20.437816565346377,6.068091738621092,48.65467129610169
0.5,0.4,0.45,0.9,0.0,0.08,0.1,9,17.3847725532964,9.944455274344802,48.84266376477323
0.5,0.4,0.45,0.9,0.0,0.08,0.25,10,18.3142104072505,8.982385640966328,48.78499383088795
0.5,0.4,0.45,0.9,0.0,0.08,0.5,11,18.852439098537623,8.391394018682757,48.75177502903881
0.5,0.4,0.45,0.9,0.0,0.04,0.1,10,16.001442923955047,11.752438481580304,48.92922585857357
0.5,0.4,0.45,0.9,0.0,0.04,0.25,11,16.71532076320055,11.070170438262691,48.884445009445436
0.5,0.4,0.45,0.9,0.0,0.04,0.5,12,17.144508378939705,10.637288553934601,48.857635371784546
0.5,0.4,0.8,0.5,0.5,0.17,0.1,5,14.006953217073349,4.617752099668732,58.0517181953615
0.5,0.4,0.8,0.5,0.5,0.17,0.25,6,14.596301022128655,4.088919812043198,58.02080838691782
0.5,0.4,0.8,0.5,0.5,0.17,0.5,7,14.938556969980787,3.7653803777957684,58.00292041032883
0.5,0.4,0.8,0.5,0.5,0.08,0.1,6,13.575363644895777,5.497155046916336,58.07444097358212
0.5,0.4,0.8,0.5,0.5,0.08,0.25,7,14.103228192767748,5.018613071784377,58.04665947012467
0.5,0.4,0.8,0.5,0.5,0.08,0.5,8,14.43199954113814,4.696828158453476,58.029411862325354
0.5,0.4,0.8,0.5,0.5,0.04,0.1,7,13.0826251030574,6.330110047946558,58.10047384880771
0.5,0.4,0.8,0.5,0.5,0.04,0.25,8,13.514777512502295,5.964558097658314,58.077636697294096
0.5,0.4,0.8,0.5,0.5,0.04,0.5,9,13.790525851626413,5.707806618467857,58.06310365527116
0.5,0.4,0.8,0.5,0.25,0.17,0.1,6,16.142834112676784,5.333591527813707,56.17814389387365
0.5,0.4,0.8,0.5,0.25,0.17,0.25,7,16.88884709211824,4.630182292290243,56.13804298126549
0.5,0.4,0.8,0.5,0.25,0.17,0.5,8,17.308954211811912,4.208086740338127,56.115557149790064
0.5,0.4,0.8,0.5,0.25,0.08,0.1,7,15.513639185182981,6.500003926130519,56.21213740812712
0.5,0.4,0.8,0.5,0.25,0.08,0.25,8,16.147236089966466,5.8968513741616535,56.1779066248451
0.5,0.4,0.8,0.5,0.25,0.08,0.5,9,16.534051109942705,5.498541902725345,56.15708711542996
0.5,0.4,0.8,0.5,0.25,0.04,0.1,8,14.807841624346718,7.590660330928091,56.25045892242504
0.5,0.4,0.8,0.5,0.25,0.04,0.25,9,15.308132059401247,7.144782561996288,56.22327472808087
0.5,0.4,0.8,0.5,0.25,0.04,0.5,10,15.623634254957185,6.836721430958619,56.20618327564089
0.5,0.4,0.8,0.5,0.0,0.17,0.1,7,18.274453100873146,6.15068721676673,54.28843215463619
0.5,0.4,0.8,0.5,0.0,0.17,0.25,8,19.176141467329334,5.263386876053295,54.238809615283934
0.5,0.4,0.8,0.5,0.0,0.17,0.5,9,19.672158798076556,4.740410940098542,54.21164938557581
0.5,0.4,0.8,0.5,0.0,0.08,0.1,8,17.417422817613716,7.6019920513047,54.33589851818583
0.5,0.4,0.8,0.5,0.0,0.08,0.25,9,18.158355633517708,6.874413636328754,54.29484488009556
0.5,0.4,0.8,0.5,0.0,0.08,0.5,10,18.60318393819249,6.404191662738118,54.270303697736885
0.5,0.4,0.8,0.5,0.0,0.04,0.1,9,16.481596967996538,8.94157140660291,54.38806933281719
0.5,0.4,0.8,0.5,0.0,0.04,0.25,10,17.055786085772805,8.414692641185557,54.35601679775864
0.5,0.4,0.8,0.5,0.0,0.04,0.5,11,17.413214768257944,8.059533136011739,54.336132311360096
0.5,0.4,0.8,0.75,0.5,0.17,0.1,6,14.797681107903028,4.769646550478684,57.4120165399982
0.5,0.4,0.8,0.75,0.5,0.17,0.25,7,15.424969264076282,4.198364622636547,57.37884938632
0.5,0.4,0.8,0.75,0.5,0.17,0.5,8,15.784638466279489,3.8521940028095787,57.359901910273294
0.5,0.4,0.8,0.75,0.5,0.08,0.1,7,14.308977490025153,5.731432695241956,57.43796402080681
0.5,0.4,0.8,0.75,0.5,0.08,0.25,8,14.86552621459445,5.21836459182085,57.40842182488846
0.5,0.4,0.8,0.75,0.5,0.08,0.5,9,15.210005536750003,4.875201658550962,57.39019791195923
0.5,0.4,0.8,0.75,0.5,0.04,0.1,8,13.748658540330162,6.646847914109889,57.467831150816494
0.5,0.4,0.8,0.75,0.5,0.04,0.25,9,14.201103038763119,6.256664832476577,57.44370437024195
0.5,0.4,0.8,0.75,0.5,0.04,0.5,10,14.489427317885228,5.983154625900763,57.42837207198972
0.5,0.4,0.8,0.75,0.25,0.17,0.1,7,18.002671862441176,5.919950343838809,54.58692321195795
0.5,0.4,0.8,0.75,0.25,0.17,0.25,8,18.864240656841137,5.080756525001307,54.53970320478278
0.5,0.4,0.8,0.75,0.25,0.17,0.5,9,19.33931166504177,4.586110782608929,54.513791330110294
0.5,0.4,0.8,0.75,0.25,0.08,0.1,8,17.190478042884692,7.317129747971046,54.63170850158878
0.5,0.4,0.8,0.75,0.25,0.08,0.25,9,17.909010501399415,6.6154784890040546,54.59207430376475
0.5,0.4,0.8,0.75,0.25,0.08,0.5,10,18.34190775618305,6.16013467622799,54.56829554834117
0.5,0.4,0.8,0.75,0.25,0.04,0.1,9,16.293434561681707,8.615411383610208,54.681482749303086
0.5,0.4,0.8,0.75,0.25,0.04,0.25,10,16.854803457139855,8.102539447596225,54.65029571435501
0.5,0.4,0.8,0.75,0.25,0.04,0.5,11,17.205457424649182,7.75510748641627,54.63088011671875
0.5,0.4,0.8,0.75,0.0,0.17,0.1,8,21.156194921136382,7.3478736201559425,51.728574948195316
0.5,0.4,0.8,0.75,0.0,0.17,0.25,9,22.247655304600045,6.236649973959744,51.66669018156897
0.5,0.4,0.8,0.75,0.0,0.17,0.5,10,22.83465439970691,5.595933119311823,51.633603485973524
0.5,0.4,0.8,0.75,0.0,0.08,0.1,9,19.968822644080753,9.146162121823233,51.79644289927031
0.5,0.4,0.8,0.75,0.0,0.08,0.25,10,20.858932366673333,8.258632634752377,51.74551223275598
0.5,0.4,0.8,0.75,0.0,0.08,0.5,11,21.381127349099405,7.703717000834222,51.715782512784216
0.5,0.4,0.8,0.75,0.0,0.04,0.1,10,18.70514834090189,10.801782922254175,51.86930752682224
0.5,0.4,0.8,0.75,0.0,0.04,0.25,11,19.389904936838278,10.167867140656924,51.82974176253421
0.5,0.4,0.8,0.75,0.0,0.04,0.5,12,19.806902130821967,9.757118708334875,51.805742533603414
0.5,0.4,0.8,0.9,0.5,0.17,0.1,7,15.272921234750614,4.864462687113494,57.02719975417029
0.5,0.4,0.8,0.9,0.5,0.17,0.25,8,15.923073014926903,4.267274048191613,56.992658692022566
0.5,0.4,0.8,0.9,0.5,0.17,0.5,9,16.293317164748377,3.9072778093597966,56.97306261319449
0.5,0.4,0.8,0.9,0.5,0.08,0.1,8,14.748035195310027,5.8765037023180735,57.0552077745861
0.5,0.4,0.8,0.9,0.5,0.08,0.25,9,15.322160247953853,5.34237874269729,57.024577962581716
0.5,0.4,0.8,0.9,0.5,0.08,0.5,10,15.676326517858463,4.986340765820485,57.00574816570505
0.5,0.4,0.8,0.9,0.5,0.04,0.1,9,14.145857109875838,6.84146729852326,57.08747569626803
0.5,0.4,0.8,0.9,0.5,0.04,0.25,10,14.611187733794594,6.436002065709514,57.06252802661099
0.5,0.4,0.8,0.9,0.5,0.04,0.5,11,14.907401218132566,6.152459353377999,57.046692383687144
0.5,0.4,0.8,0.9,0.25,0.17,0.1,8,19.11364875971433,6.31280790605763,53.62693144027697
0.5,0.4,0.8,0.9,0.25,0.17,0.25,9,20.046964302945767,5.3874774822022475,53.5751968545099
0.5,0.4,0.8,0.9,0.25,0.17,0.5,10,20.557426499920783,4.845162749775009,53.547047117025016
0.5,0.4,0.8,0.9,0.25,0.08,0.1,9,18.181873697083752,7.844100722313095,53.678928401824535
0.5,0.4,0.8,0.9,0.25,0.08,0.25,10,18.953194106986192,7.083498654539776,53.63586057639036
0.5,0.4,0.8,0.9,0.25,0.08,0.5,11,19.41406328825166,6.595749696481978,53.610241366710454
0.5,0.4,0.8,0.9,0.25,0.04,0.1,10,17.165293072514753,9.263196440724084,53.73606023294424
0.5,0.4,0.8,0.9,0.25,0.04,0.25,11,17.76609608500528,8.709952137137753,53.702243998571674
0.5,0.4,0.8,0.9,0.25,0.04,0.5,12,18.1386377689166,8.340416373141283,53.68134966822856
0.5,0.4,0.8,0.9,0.0,0.17,0.1,9,22.86265484188066,8.148846051802455,50.180442796617506
0.5,0.4,0.8,0.9,0.0,0.17,0.25,10,24.074785130787603,6.900141674236587,50.110522662904756
0.5,0.4,0.8,0.9,0.0,0.17,0.5,11,24.718019948178927,6.190722359357059,50.073655983684496
0.5,0.4,0.8,0.9,0.0,0.08,0.1,10,21.460439560189638,10.156395342334072,50.262069214229754
0.5,0.4,0.8,0.9,0.0,0.08,0.25,11,22.448903608830207,9.171812638679977,50.20444487678408
0.5,0.4,0.8,0.9,0.0,0.08,0.5,12,23.020035194640954,8.56901805514151,50.171331207060256
0.5,0.4,0.8,0.9,0.0,0.04,0.1,11,19.98377931302453,12.001331067716983,50.34890714397018
0.5,0.4,0.8,0.9,0.0,0.04,0.25,12,20.7412699315767,11.304619042016316,50.30424768897965
0.5,0.4,0.8,0.9,0.0,0.04,0.5,13,21.195711136892825,10.86416684025095,50.27757027528463
0.5,0.6,0.3,0.5,0.5,0.17,0.1,4,12.070820491598667,4.854548034450863,55.5510582279906
0.5,0.6,0.3,0.5,0.5,0.17,0.25,5,12.705365009119763,4.246263837756131,55.515192347927766
0.5,0.6,0.3,0.5,0.5,0.17,0.5,6,13.062473930038898,3.8832433666465693,55.495083795980364
0.5,0.6,0.3,0.5,0.5,0.08,0.1,5,11.550836811219,5.883348438179621,55.58057886729279
0.5,0.6,0.3,0.5,0.5,0.08,0.25,6,12.10958833830964,5.340692189000115,55.54886199638145
0.5,0.6,0.3,0.5,0.5,0.08,0.5,7,12.454011867257563,4.978958965540451,55.52937863929134
0.5,0.6,0.3,0.5,0.5,0.04,0.1,6,10.959463113320055,6.8621922484021605,55.61429617404576
0.5,0.6,0.3,0.5,0.5,0.04,0.25,7,11.409904456531983,6.452863745500159,55.588600227158956
0.5,0.6,0.3,0.5,0.5,0.04,0.5,8,11.697161686565405,6.1659645742181715,55.57225977070747
0.5,0.6,0.3,0.5,0.25,0.17,0.1,5,14.99504171936148,6.059571878499834,52.72480600434078
0.5,0.6,0.3,0.5,0.25,0.17,0.25,6,15.864228159690974,5.169864088008736,52.67392372441222
0.5,0.6,0.3,0.5,0.25,0.17,0.5,7,16.33752692608703,4.650557310322313,52.64635419214393
0.5,0.6,0.3,0.5,0.25,0.08,0.1,6,14.146510193698214,7.539745521575031,52.77479813706201
0.5,0.6,0.3,0.5,0.25,0.08,0.25,7,14.868087562210853,6.799247234087488,52.73226548626084
0.5,0.6,0.3,0.5,0.25,0.08,0.5,8,15.301408090517477,6.321059638696762,52.70683377636206
0.5,0.6,0.3,0.5,0.25,0.04,0.1,7,13.221128619290145,8.910418147876893,52.829682406273946
0.5,0.6,0.3,0.5,0.25,0.04,0.25,8,13.780384981747606,8.374003712308713,52.7964672212814
0.5,0.6,0.3,0.5,0.25,0.04,0.5,9,14.129229685060096,8.01210023883348,52.77581954174638
0.5,0.6,0.3,0.5,0.0,0.17,0.1,6,17.834591291428413,7.554258184042617,49.86914450539659
0.5,0.6,0.3,0.5,0.0,0.17,0.25,7,18.93438077423926,6.376109163931259,49.80256919691636
0.5,0.6,0.3,0.5,0.0,0.17,0.5,8,19.519799904147227,5.704217021054201,49.767346012799344
0.5,0.6,0.3,0.5,0.0,0.08,0.1,7,16.614998817568537,9.443688991949415,49.94359773564808
0.5,0.6,0.3,0.5,0.0,0.08,0.25,8,17.50875518113353,8.50866650340831,49.88897112808799
0.5,0.6,0.3,0.5,0.0,0.08,0.5,9,18.030761313562472,7.927878666747305,49.85723051448269
0.5,0.6,0.3,0.5,0.0,0.04,0.1,8,15.332598717856861,11.174616585496974,50.0226085792485
0.5,0.6,0.3,0.5,0.0,0.04,0.25,9,16.013193170270902,10.51430473525496,49.980582765850365
0.5,0.6,0.3,0.5,0.0,0.04,0.5,10,16.42605164819453,10.089124820412172,49.95519216401297
0.5,0.6,0.3,0.75,0.5,0.17,0.1,5,14.172173651625485,5.719736864976765,53.516150807519956
0.5,0.6,0.3,0.75,0.5,0.17,0.25,6,14.978694534478754,4.906505138943724,53.46938285843428
0.5,0.6,0.3,0.75,0.5,0.17,0.5,7,15.421651656088532,4.428558175031582,53.44381648375226
0.5,0.6,0.3,0.75,0.5,0.08,0.1,6,13.420810065442002,7.074571125329973,53.559975823609854
0.5,0.6,0.3,0.75,0.5,0.08,0.25,7,14.09696047816118,6.388523672924157,53.520526636441346
0.5,0.6,0.3,0.75,0.5,0.08,0.5,8,14.505843090870707,5.941198660932147,53.49676799067065
0.5,0.6,0.3,0.75,0.5,0.04,0.1,7,12.592500159613373,8.336999214935476,53.60857823518836
0.5,0.6,0.3,0.75,0.5,0.04,0.25,8,13.12035779673948,7.835755378660411,53.57757007199414
0.5,0.6,0.3,0.75,0.5,0.04,0.5,9,13.451680157528955,7.493652702588973,53.55817035922972
0.5,0.6,0.3,0.75,0.25,0.17,0.1,6,18.437021774792008,7.935527496235852,49.23394153720737
0.5,0.6,0.3,0.75,0.25,0.17,0.25,7,19.591104913511437,6.691657418203399,49.1635665270157
0.5,0.6,0.3,0.75,0.25,0.17,0.5,8,20.202135145849386,5.98648627907749,49.12654180254295
0.5,0.6,0.3,0.75,0.25,0.08,0.1,7,17.130049201336874,9.915253597384984,49.31435292729579
0.5,0.6,0.3,0.75,0.25,0.08,0.25,8,18.065031949262366,8.936489589286426,49.25675043626136
0.5,0.6,0.3,0.75,0.25,0.08,0.5,9,18.607491368651562,8.333931962563854,49.223509548374984
0.5,0.6,0.3,0.75,0.25,0.04,0.1,8,15.764080657811185,11.725364898239482,49.39922019982824
0.5,0.6,0.3,0.75,0.25,0.04,0.25,9,16.47316438766373,11.03846264758129,49.35505851741729
0.5,0.6,0.3,0.75,0.25,0.04,0.5,10,16.90045755025087,10.600730027220436,49.328557881716314
0.5,0.6,0.3,0.75,0.0,0.17,0.1,7,22.466017736208155,10.677879902106142,44.89259299028407
0.5,0.6,0.3,0.75,0.0,0.17,0.25,8,24.008356406067797,8.989474582361535,44.79397778722194
0.5,0.6,0.3,0.75,0.0,0.17,0.5,9,24.794216061677844,8.072249391268622,44.74413458199615
0.5,0.6,0.3,0.75,0.0,0.08,0.1,8,20.51267904232905,13.282058231977967,45.01902643281682
0.5,0.6,0.3,0.75,0.0,0.08,0.25,9,21.746935978699256,12.01674610829212,44.93893449084273
0.5,0.6,0.3,0.75,0.0,0.08,0.5,10,22.431681153053162,11.281842000915706,44.894800515169244
0.5,0.6,0.3,0.75,0.0,0.04,0.1,9,18.522412951303437,15.632248731354426,45.1496698138014
0.5,0.6,0.3,0.75,0.0,0.04,0.25,10,19.440121815846823,14.775937904121491,45.08919855830903
0.5,0.6,0.3,0.75,0.0,0.04,0.5,11,19.969277394693897,14.265354565503321,45.05451131681757
0.5,0.6,0.3,0.9,0.5,0.17,0.1,6,15.419566039955534,6.300698755736321,52.28727965385913
0.5,0.6,0.3,0.9,0.5,0.17,0.25,7,16.330567179445566,5.357020845192235,52.23366158006093
0.5,0.6,0.3,0.9,0.5,0.17,0.5,8,16.824442961216302,4.808661451134568,52.204744198830525
0.5,0.6,0.3,0.9,0.5,0.08,0.1,7,14.513266879282893,7.8511732278257,52.340982147058725
0.5,0.6,0.3,0.9,0.5,0.08,0.25,8,15.261504921043656,7.079141279605464,52.29661943684108
0.5,0.6,0.3,0.9,0.5,0.08,0.5,9,15.709026516815406,6.583343905597561,52.2702039087935
0.5,0.6,0.3,0.9,0.5,0.04,0.1,8,13.534917640375198,9.278082134701828,52.39936440126074
0.5,0.6,0.3,0.9,0.5,0.04,0.25,9,14.11193458787372,8.7222807950548,52.364879433450916
0.5,0.6,0.3,0.9,0.5,0.04,0.5,10,14.470320649285817,8.349947424183995,52.343535942475775
0.5,0.6,0.3,0.9,0.25,0.17,0.1,7,20.4323939954252,9.220074028989936,47.12012483221591
0.5,0.6,0.3,0.9,0.25,0.17,0.25,8,21.769478868664514,7.7609956258193575,47.036650909771886
0.5,0.6,0.3,0.9,0.25,0.17,0.5,9,22.46445462132387,6.950762612942694,46.993573580378964
0.5,0.6,0.3,0.9,0.25,0.08,0.1,8,18.82243014353524,11.501322640525101,47.2216951774463
0.5,0.6,0.3,0.9,0.25,0.08,0.25,9,19.898704047476734,10.38092996872087,47.153664934037195
0.5,0.6,0.3,0.9,0.25,0.08,0.5,10,20.509495132967782,9.710975749846927,47.115289896326736
0.5,0.6,0.3,0.9,0.25,0.04,0.1,9,17.16428481853429,13.574827907978548,47.32754587083858
0.5,0.6,0.3,0.9,0.25,0.04,0.25,10,17.972060410756676,12.802626006834949,47.27582077131169
0.5,0.6,0.3,0.9,0.25,0.04,0.5,11,18.448329987831656,12.326714070744723,47.24546541943754
0.5,0.6,0.3,0.9,0.0,0.17,0.1,8,25.02316094904331,12.932700141237449,41.87689837004118
0.5,0.6,0.3,0.9,0.0,0.17,0.25,9,26.872386063570495,10.92233194214473,41.7548552264893
0.5,0.6,0.3,0.9,0.0,0.17,0.5,10,27.790003928857153,9.860403721976551,41.69486034653856
0.5,0.6,0.3,0.9,0.0,0.08,0.1,9,22.56096345368077,15.983234432980877,42.04182024784565
0.5,0.6,0.3,0.9,0.0,0.08,0.25,10,24.025637251957566,14.527917145620805,41.94337566726447
0.5,0.6,0.3,0.9,0.0,0.08,0.5,11,24.814988717526344,13.712719112655956,41.890733816766556
0.5,0.6,0.3,0.9,0.0,0.04,0.1,10,20.081338988307174,18.70258807640076,42.210804920450954
0.5,0.6,0.3,0.9,0.0,0.04,0.25,11,21.155925466541348,17.743203215962016,42.137208812765444
0.5,0.6,0.3,0.9,0.0,0.04,0.5,12,21.7582411776148,17.194074268511507,42.09620186750129
0.5,0.6,0.45,0.5,0.5,0.17,0.1,5,15.18892421485354,5.240397065010711,56.03590463898471
0.5,0.6,0.45,0.5,0.5,0.17,0.25,6,15.920355908745076,4.541878526190598,55.99613200918723
0.5,0.6,0.45,0.5,0.5,0.17,0.5,7,16.328872381322302,4.126213141992891,55.97401187871114
0.5,0.6,0.45,0.5,0.5,0.08,0.1,6,14.568966480506562,6.398861790124284,56.06978557496915
0.5,0.6,0.45,0.5,0.5,0.08,0.25,7,15.19303185742893,5.796379055754553,56.03568067644261
0.5,0.6,0.45,0.5,0.5,0.08,0.5,8,15.574620967802666,5.397942046071608,56.01490494420184
0.5,0.6,0.45,0.5,0.5,0.04,0.1,7,13.87582426556535,7.4847092140657505,56.10785264651652
0.5,0.6,0.45,0.5,0.5,0.04,0.25,8,14.368430624947415,7.039503233483936,56.08077857780628
0.5,0.6,0.45,0.5,0.5,0.04,0.5,9,14.680169578910252,6.730733534986534,56.063696734597414
0.5,0.6,0.45,0.5,0.25,0.17,0.1,6,18.286474223883143,6.531480204061952,53.20062569297941
0.5,0.6,0.45,0.5,0.25,0.17,0.25,7,19.259879010103177,5.542958926268869,53.1458013037836
0.5,0.6,0.45,0.5,0.25,0.17,0.5,8,19.787537538714318,4.968141594407017,53.116242487464795
0.5,0.6,0.45,0.5,0.25,0.08,0.1,7,17.312813941553394,8.130752158532088,53.25585270897692
0.5,0.6,0.45,0.5,0.25,0.08,0.25,8,18.10505094716801,7.331761434065537,53.21088659585883
0.5,0.6,0.45,0.5,0.25,0.08,0.5,9,18.57742923848338,6.820810047758871,53.184198044626484
0.5,0.6,0.45,0.5,0.25,0.04,0.1,8,16.269453102103483,9.59830568336078,53.31547101722839
0.5,0.6,0.45,0.5,0.25,0.04,0.25,9,16.876697603901867,9.02681540889303,53.280717171910354
0.5,0.6,0.45,0.5,0.25,0.04,0.5,10,17.25263163448243,8.645911251947423,53.25927918806481
0.5,0.6,0.45,0.5,0.0,0.17,0.1,7,21.30816764226564,8.096672490856974,50.334512461025916
0.5,0.6,0.45,0.5,0.0,0.17,0.25,8,22.519197256411474,6.825743824371404,50.2639829724752
0.5,0.6,0.45,0.5,0.0,0.17,0.5,9,23.15978198876858,6.1060376475642135,50.22691709322278
0.5,0.6,0.45,0.5,0.0,0.08,0.1,8,19.943302800393113,10.0989373945254,50.41472827861351
0.5,0.6,0.45,0.5,0.0,0.08,0.25,9,20.918838313748765,9.105137595018771,50.357314930151944
0.5,0.6,0.45,0.5,0.0,0.08,0.5,10,21.484174423501855,8.49424351176371,50.32422457539094
0.5,0.6,0.45,0.5,0.0,0.04,0.1,9,18.521628608272,11.926595524658117,50.4991191603751
0.5,0.6,0.45,0.5,0.0,0.04,0.25,10,19.258185159027306,11.232098167396867,50.45528935073852
0.5,0.6,0.45,0.5,0.0,0.04,0.5,11,19.701508718025007,10.790215719124669,50.42902050348219
0.5,0.6,0.45,0.75,0.5,0.17,0.1,6,17.070293058073815,5.939827743709011,54.34567101724159
0.5,0.6,0.45,0.75,0.5,0.17,0.25,7,17.94064810443321,5.078160973867082,54.29733686928172
0.5,0.6,0.45,0.75,0.5,0.17,0.5,8,18.41676872422393,4.5731893887568,54.271025297632214
0.5,0.6,0.45,0.75,0.5,0.08,0.1,7,16.248094391851666,7.362837612144453,54.39161460477662
0.5,0.6,0.45,0.75,0.5,0.08,0.25,8,16.970154452822463,6.644469628627829,54.35125183728713
0.5,0.6,0.45,0.75,0.5,0.08,0.5,9,17.40495917197016,6.178660222718465,54.327049395559776
0.5,0.6,0.45,0.75,0.5,0.04,0.1,8,15.347905259001982,8.682437495364832,54.44223673573346
0.5,0.6,0.45,0.75,0.5,0.04,0.25,9,15.907256138527837,8.1617283343642,54.41074198607119
0.5,0.6,0.45,0.75,0.5,0.04,0.5,10,16.257139039603928,7.80839927721195,54.391107686451626
0.5,0.6,0.45,0.75,0.25,0.17,0.1,7,21.62457215642086,8.222407925829806,50.05322327965989
0.5,0.6,0.45,0.75,0.25,0.17,0.25,8,22.85596055674224,6.928104490739566,49.98129388579664
0.5,0.6,0.45,0.75,0.25,0.17,0.5,9,23.505729946483413,6.197264003692161,49.94358748038312
0.5,0.6,0.45,0.75,0.25,0.08,0.1,8,20.22042961489996,10.26296704855441,50.13600953056104
0.5,0.6,0.45,0.75,0.25,0.08,0.25,9,21.213728873096848,9.251714619536884,50.07736086826902
0.5,0.6,0.45,0.75,0.25,0.08,0.5,10,21.7877646421311,8.632503961952729,50.04365489436262
0.5,0.6,0.45,0.75,0.25,0.04,0.1,9,18.759064789725066,12.126143295048236,50.2230543790194
0.5,0.6,0.45,0.75,0.25,0.04,0.25,10,19.509209814480144,11.419916563206272,50.17825871365657
0.5,0.6,0.45,0.75,0.25,0.04,0.5,11,19.959478586393775,10.97259813825405,50.15148607823969
0.5,0.6,0.45,0.75,0.0,0.17,0.1,8,25.97986655483986,11.023171340924886,45.696752799456966
0.5,0.6,0.45,0.75,0.0,0.17,0.25,9,27.62286424599971,9.279908043347682,45.59614100972039
0.5,0.6,0.45,0.75,0.0,0.17,0.5,10,28.45712173273789,8.336675964158637,45.545478137112404
0.5,0.6,0.45,0.75,0.0,0.08,0.1,9,23.893825656470536,13.692805597857092,45.826128367695915
0.5,0.6,0.45,0.75,0.0,0.08,0.25,10,25.203636436731713,12.39436216337997,45.744678315786516
0.5,0.6,0.45,0.75,0.0,0.08,0.5,11,25.927597691795757,11.643840886137559,45.69997199165114
0.5,0.6,0.45,0.75,0.0,0.04,0.1,10,21.77384768620696,16.098417507951233,45.959535992900236
0.5,0.6,0.45,0.75,0.0,0.04,0.25,11,22.744173963789514,15.223566843669781,45.89822950296382
0.5,0.6,0.45,0.75,0.0,0.04,0.5,12,23.30166605004038,14.704644674033796,45.863194073946104
0.5,0.6,0.45,0.9,0.5,0.17,0.1,7,18.19078425666707,6.408493994377785,53.32583930097506
0.5,0.6,0.45,0.9,0.5,0.17,0.25,8,19.14647581695499,5.441245463271826,53.27210983821536
0.5,0.6,0.45,0.9,0.5,0.17,0.5,9,19.66474087177921,4.87882937754764,53.24312701650835
0.5,0.6,0.45,0.9,0.5,0.08,0.1,8,17.23589169083535,7.986750133439087,53.37989706468562
0.5,0.6,0.45,0.9,0.5,0.08,0.25,9,18.018072845842802,7.19923297953345,53.33558892886637
0.5,0.6,0.45,0.9,0.5,0.08,0.5,10,18.485165802086723,6.694723669684648,53.30924945630201
0.5,0.6,0.45,0.9,0.5,0.04,0.1,9,16.207993664803098,9.438500703542466,53.438511200119564
0.5,0.6,0.45,0.9,0.5,0.04,0.25,10,16.809865626221445,8.872705922457982,53.404136814471705
0.5,0.6,0.45,0.9,0.5,0.04,0.5,11,17.18312417772152,8.494733261993096,53.38289529515956
0.5,0.6,0.45,0.9,0.25,0.17,0.1,8,23.583171868155752,9.360764289495247,48.14775883499274
0.5,0.6,0.45,0.9,0.25,0.17,0.25,9,24.984432674417832,7.875461673967569,48.06417383641398
0.5,0.6,0.45,0.9,0.25,0.17,0.5,10,25.711616260960124,7.052382755220925,48.02111356406448
0.5,0.6,0.45,0.9,0.25,0.08,0.1,9,21.894255838792766,11.672936316346334,48.24958890452184
0.5,0.6,0.45,0.9,0.25,0.08,0.25,10,23.020270751995596,10.535120266563645,48.18156466521779
0.5,0.6,0.45,0.9,0.25,0.08,0.5,11,23.658249413517552,9.85633280441196,48.14325992634512
0.5,0.6,0.45,0.9,0.25,0.04,0.1,10,20.156616522517613,13.774450939445892,48.35562674693863
0.5,0.6,0.45,0.9,0.25,0.04,0.25,11,21.000316798271037,12.991487194283646,48.303977706927355
0.5,0.6,0.45,0.9,0.25,0.04,0.5,12,21.49699111191945,12.510132785532976,48.27371682728003
0.5,0.6,0.45,0.9,0.0,0.17,0.1,9,28.609737581310757,13.115251445584294,42.885580140499044
0.5,0.6,0.45,0.9,0.0,0.17,0.25,10,30.551779789340806,11.07424511739396,42.7631639070601
0.5,0.6,0.45,0.9,0.0,0.17,0.5,11,31.514066773717797,9.998088208005182,42.70308368245871
0.5,0.6,0.45,0.9,0.0,0.08,0.1,10,26.025884261123533,16.200868685897735,43.05093307370022
0.5,0.6,0.45,0.9,0.0,0.08,0.25,11,27.56137480668852,14.72650426172154,42.95232344542779
0.5,0.6,0.45,0.9,0.0,0.08,0.5,12,28.387704555055173,13.902228324024085,42.899676696167845
0.5,0.6,0.45,0.9,0.0,0.04,0.1,11,23.425470027964046,18.95112688708776,43.22030613873092
0.5,0.6,0.45,0.9,0.0,0.04,0.25,12,24.55014634435102,17.980671696853843,43.146680687184904
0.5,0.6,0.45,0.9,0.0,0.04,0.5,13,25.179668005405233,17.42631592655143,43.105718287479235
0.5,0.6,0.8,0.5,0.5,0.17,0.1,6,21.94497346683133,6.0818178682656585,57.042961586633
0.5,0.6,0.8,0.5,0.5,0.17,0.25,7,22.887843366964546,5.192872487337604,56.99566938537581
0.5,0.6,0.8,0.5,0.5,0.17,0.5,8,23.40409206538343,4.672211410414391,56.9699071458404
0.5,0.6,0.8,0.5,0.5,0.08,0.1,7,21.087710441830044,7.504955100174632,57.08623275994139
0.5,0.6,0.8,0.5,0.5,0.08,0.25,8,21.854602462468222,6.780089720802854,57.04751083317372
0.5,0.6,0.8,0.5,0.5,0.08,0.5,9,22.316479953211864,6.309342253169821,57.024290377124956
0.5,0.6,0.8,0.5,0.5,0.04,0.1,8,20.159876917708864,8.807452238346894,57.133362953978796
0.5,0.6,0.8,0.5,0.5,0.04,0.25,9,20.74617937282799,8.289100222963066,57.10354504224826
0.5,0.6,0.8,0.5,0.5,0.04,0.5,10,21.112281634060004,7.9372900271698725,57.08498885555975
0.5,0.6,0.8,0.5,0.25,0.17,0.1,7,25.41845239423608,7.557192039017169,54.18978840236307
0.5,0.6,0.8,0.5,0.25,0.17,0.25,8,26.61230616709873,6.3828136497535,54.12774594139449
0.5,0.6,0.8,0.5,0.25,0.17,0.5,9,27.250923961568695,5.709400246234408,54.09476369368136
0.5,0.6,0.8,0.5,0.25,0.08,0.1,8,24.16341644208422,9.38634763103008,54.25555859312134
0.5,0.6,0.8,0.5,0.25,0.08,0.25,9,25.116030410855306,8.466588931032879,54.20558506790729
0.5,0.6,0.8,0.5,0.25,0.08,0.5,10,25.67543170797657,7.890702782130673,54.176391020591254
0.5,0.6,0.8,0.5,0.25,0.04,0.1,9,22.850034752505177,11.053485275711978,54.32499942085526
0.5,0.6,0.8,0.5,0.25,0.04,0.25,10,23.566976112350304,10.409584870871907,54.28701502573329
0.5,0.6,0.8,0.5,0.25,0.04,0.5,11,24.004028411371436,9.990953166640631,54.263952060235574
0.5,0.6,0.8,0.5,0.0,0.17,0.1,8,28.860073698992352,9.248601925009508,51.30158810182004
0.5,0.6,0.8,0.5,0.0,0.17,0.25,9,30.324434687007006,7.784133999366465,51.222912320071366
0.5,0.6,0.8,0.5,0.0,0.17,0.5,10,31.0884851764051,6.967649879072624,51.182162526129346
0.5,0.6,0.8,0.5,0.0,0.08,0.1,9,27.159962404818437,11.487509418262322,51.39389722003007
0.5,0.6,0.8,0.5,0.0,0.08,0.25,10,28.322306377454186,10.372328810092393,51.33067322186622
0.5,0.6,0.8,0.5,0.0,0.08,0.5,11,28.985260775574105,9.701133487107924,51.29483229642309
0.5,0.6,0.8,0.5,0.0,0.04,0.1,10,25.41658978722685,13.517582252674417,51.4896604246259
0.5,0.6,0.8,0.5,0.0,0.04,0.25,11,26.28086640735532,12.75316695851969,51.44204419831553
0.5,0.6,0.8,0.5,0.0,0.04,0.5,12,26.792936922100765,12.278211601814812,51.41396394224349
0.5,0.6,0.8,0.75,0.5,0.17,0.1,7,23.23785005622836,6.417281720853079,56.069670008493276
0.5,0.6,0.8,0.75,0.5,0.17,0.25,8,24.248759394568054,5.448970596201054,56.01837054908066
0.5,0.6,0.8,0.75,0.5,0.17,0.5,9,24.798308138323556,4.884785447707881,55.990633153990686
0.5,0.6,0.8,0.75,0.5,0.08,0.1,8,22.255196849519244,7.973352674325677,56.11988246889455
0.5,0.6,0.8,0.75,0.5,0.08,0.25,9,23.076363011986366,7.189713068568249,56.077898192992706
0.5,0.6,0.8,0.75,0.5,0.08,0.5,10,23.56748257707004,6.68650482051579,56.0529030203208
0.5,0.6,0.8,0.75,0.5,0.04,0.1,9,21.198902299485532,9.401613816158287,56.17424519784807
0.5,0.6,0.8,0.75,0.5,0.04,0.25,10,21.827581866631142,8.840803357114249,56.141841201402485
0.5,0.6,0.8,0.75,0.5,0.04,0.5,11,22.217950907652728,8.465032357108282,56.121792489646474
0.5,0.6,0.8,0.75,0.25,0.17,0.1,8,28.427293429319,8.818937382478534,51.758047956415886
0.5,0.6,0.8,0.75,0.25,0.17,0.25,9,29.83001308153326,7.420010091343091,51.68312474390439
0.5,0.6,0.8,0.75,0.25,0.17,0.5,10,30.564928043121075,6.636762565324339,51.644147456711806
0.5,0.6,0.8,0.75,0.25,0.08,0.1,9,26.80589470226149,10.986474301674845,51.84553047499497
0.5,0.6,0.8,0.75,0.25,0.08,0.25,10,27.928630058114635,9.907864520755176,51.78485203046822
0.5,0.6,0.8,0.75,0.25,0.08,0.5,11,28.57219942618339,9.254678137690233,51.7502757209576
0.5,0.6,0.8,0.75,0.25,0.04,0.1,10,25.131222759373806,12.96052873541394,51.93689975395347
0.5,0.6,0.8,0.75,0.25,0.04,0.25,11,25.972377097678013,12.214333779809031,51.89087664433101
0.5,0.6,0.8,0.75,0.25,0.04,0.5,12,26.47325472049735,11.747473250207056,51.86359648881218
0.5,0.6,0.8,0.75,0.0,0.17,0.1,9,33.49747072561304,11.74362883324501,47.37271054382182
0.5,0.6,0.8,0.75,0.0,0.17,0.25,10,35.364552934001495,9.88654507746428,47.268186828310434
0.5,0.6,0.8,0.75,0.0,0.17,0.5,11,36.305838984424966,8.889942294178427,47.215959153168505
0.5,0.6,0.8,0.75,0.0,0.08,0.1,10,31.115041898993812,14.549365220685889,47.50791959443079
0.5,0.6,0.8,0.75,0.0,0.08,0.25,11,32.59273313737283,13.182462637218483,47.423811313954964
0.5,0.6,0.8,0.75,0.0,0.08,0.5,12,33.403337632602856,12.400036799812723,47.378013445006914
0.5,0.6,0.8,0.75,0.0,0.04,0.1,11,28.705333512473796,17.07020447644742,47.64683620463368
0.5,0.6,0.8,0.75,0.0,0.04,0.25,12,29.79224257394144,16.15724430256463,47.58390369102726
0.5,0.6,0.8,0.75,0.0,0.04,0.5,13,30.412165549412084,15.621403581836082,47.54821189895171
0.5,0.6,0.8,0.9,0.5,0.17,0.1,8,24.013356044922407,6.6306094525319645,55.483548063325784
0.5,0.6,0.8,0.9,0.5,0.17,0.25,9,25.06428399658156,5.616516464634104,55.42985043838471
0.5,0.6,0.8,0.9,0.5,0.17,0.5,10,25.63269035175488,5.028760735079666,55.400968435978236
0.5,0.6,0.8,0.9,0.5,0.08,0.1,9,22.953144326024532,8.265472911776097,55.53811673748024
0.5,0.6,0.8,0.9,0.5,0.08,0.25,10,23.808608443447632,7.445964709052568,55.49405510288409
0.5,0.6,0.8,0.9,0.5,0.08,0.5,11,24.31775926236528,6.92366734619287,55.467954446131614
0.5,0.6,0.8,0.9,0.5,0.04,0.1,10,21.817538538499214,9.768728761146246,55.59701511224142
0.5,0.6,0.8,0.9,0.5,0.04,0.25,11,22.473075655250383,9.182210047688082,55.56295844346907
0.5,0.6,0.8,0.9,0.5,0.04,0.5,12,22.878347067528203,8.792628632135507,55.541981734028624
0.5,0.6,0.8,0.9,0.25,0.17,0.1,9,30.220926250614898,9.649271093005328,50.28733354615124
0.5,0.6,0.8,0.9,0.25,0.17,0.25,10,31.761032176568914,8.10997479840353,50.20376400751617
0.5,0.6,0.8,0.9,0.25,0.17,0.5,11,32.55765509508115,7.2606253029849075,50.160865546122714
0.5,0.6,0.8,0.9,0.25,0.08,0.1,10,28.36068034251651,12.02535549828338,50.38941173841482
0.5,0.6,0.8,0.9,0.25,0.08,0.25,11,29.59428746609163,10.851606251818435,50.32157899954041
0.5,0.6,0.8,0.9,0.25,0.08,0.5,12,30.29089277154593,10.154708482311428,50.28351868676242
0.5,0.6,0.8,0.9,0.25,0.04,0.1,11,26.45054576722994,14.184868923805304,50.495555595653016
0.5,0.6,0.8,0.9,0.25,0.04,0.25,12,27.371867348469593,13.379705705187527,50.44418855459909
0.5,0.6,0.8,0.9,0.25,0.04,0.5,13,27.91248808922655,12.88719453744806,50.41419505830679
0.5,0.6,0.8,0.9,0.0,0.17,0.1,10,36.18814095739387,13.49016608549036,44.99103249104032
0.5,0.6,0.8,0.9,0.0,0.17,0.25,11,38.33161931994502,11.386141403012184,44.868174248417866
0.5,0.6,0.8,0.9,0.0,0.17,0.5,12,39.390579239640374,10.280893107218851,44.80807874830228
0.5,0.6,0.8,0.9,0.0,0.08,0.1,11,33.340318959140404,16.647912173282744,45.15685154372737
0.5,0.6,0.8,0.9,0.0,0.08,0.25,12,35.029259520140045,15.134435211649425,45.05814824545003
0.5,0.6,0.8,0.9,0.0,0.08,0.5,13,35.93551406335245,14.291614209634112,45.00562134797081
0.5,0.6,0.8,0.9,0.0,0.04,0.1,12,30.47780600459189,19.461763321950475,45.32661381645359
0.5,0.6,0.8,0.9,0.0,0.04,0.25,13,31.71082822742124,18.46863250184771,45.25310152178857
0.5,0.6,0.8,0.9,0.0,0.04,0.5,14,32.399030775749395,17.903639473484823,45.21232728897736
